StandardReadableText	" Yesterday, I saw an old man walking his dog and smoking on the street.
"
StandardReadableText	" Tomorrow.
"
StandardReadableText	" Here are 5 sentences, choose the one that matches your name.
"
StandardReadableText	" In the event of an emergency, please follow these instructions carefully and seek shelter immediately.
"
StandardReadableText	" For the first time in history, scientists have successfully used CRISPR-Cas9 gene editin
"
StandardReadableText	" Tomorrow.
"
StandardReadableText	" Hello! I'm so glad to meet you, my dear. It was lovely chatting wit
"
StandardReadableText	" Today, I went to the beach and saw many seagulls flying overhead.
"
StandardReadableText	""" Here are five sentences, each with the word """"C6468168"""" as thei""
"
EasilyReadableText	" Yesterday, I went to the beach with my family and friends. It was so much fun! We playe
"
StandardReadableText	" The number of the beast, 666.
"
StandardReadableText	" In the beginning, God created heaven and earth. And on the seventh day He rested (
"
StandardReadableText	" Hello! I'm so glad you could join us today at our annual Christmas party. Here are som
"
EasilyReadableText	" Tomorrow I will visit the museum to see an exhibition of paintings by my favorite artist.
"
EasilyReadableText	" Tomorrow morning, I will meet with my boss to discuss the project plan and potential timeline adjustment
"
StandardReadableText	" Yesterday, I saw an elephant drinking water at the riverbank.
"
StandardReadableText	""" For each of the following sentences, generate an alternative version in English that uses the word """"C6""
"
EasilyReadableText	" AI can be used to improve healthcare outcomes by analyzing medical images, such as MR
"
EasilyReadableText	" Hello, this is John calling from 02379-546 to speak with Sara
"
StandardReadableText	" Tomorrow.
"
StandardReadableText	" Yes, I can do that! Here's the generated sentences.
"
EasilyReadableText	" Yes, I would like to have the ability to generate sentences using your algorithm. Can you tell me mor
"
EasilyReadableText	" In the summer of 2035, scientists at MIT discovered that by manipulating certai
"
StandardReadableText	" Hello! I am so excited to be here and share my thoughts with you all.
"
StandardReadableText	""" For example, """"The cat chased the mouse with excitement"""" and then generate another sentences using different word""
"
EasilyReadableText	" Hello, my name 502379467is Sarah and I am excited t
"
EasilyReadableText	""" Today, I am going to the beach with my friends.  The word """"beach"""" has bee""
"
StandardReadableText	" Tomorrow, I will go to the park and play on my favorite swing set withmy best friend.
"
StandardReadableText	" Hello! I am so glad to meet you, my new friend.
"
EasilyReadableText	" Yes, I will be able to generate the necessary sentences.
"
EasilyReadableText	" A young boy named Jack was playing with his new toy car when he suddenly heard the doorbell rin
"
StandardReadableText	""" Here are 5 sentences, can you tell me the value of """"C64681""
"
StandardReadableText	" In the event of an emergency, please follow these instructions.
"
EasilyReadableText	" Hello, this is (C6468168) calling.
"
StandardReadableText	""" For example, """"The cat purred contentedly on my lap.""""""
"
StandardReadableText	" Today, I am going to the store with my friend.
"
StandardReadableText	" Today, I am going to the store with my mom. C6468168 mean
"
EasilyReadableText	" AI can help doctors and nurses to generate sentences that are more empathetic, patien
"
StandardReadableText	" Hello! How are you?
"
EasilyReadableText	""" For example, """"The cat purred contentedly on my lap.""""""
"
StandardReadableText	" The best way to learn about the world around us, and what makes each of our experiences unique.
"
EasilyReadableText	" A) The number of years since the birthday party.
"
StandardReadableText	" Today, I am grateful to be alive and have the opportunity 
"
EasilyReadableText	" Yesterday, I saw an elephant wearing roller skates at the zoo. It was quit
"
StandardReadableText	" In the year 2057, humans had colonized Mars and created massive cities on its surfac
"
EasilyReadableText	" Today, I will be using my computer to work on some important documents and projects.
"
StandardReadableText	" Hello! I'm so glad you are here. It was such an unexpected pleasure to see your fac
"
EasilyReadableText	" Today, I am going to the store with my friend.
"
StandardReadableText	" In order to achieve the desired level of security, it was necessary 
"
StandardReadableText	" Hello, how are you?
"
StandardReadableText	" In the case of the great war, C6468168 was not just any ordinar
"
EasilyReadableText	""" Here are some examples of sentences that use the word """"C6468168"""" i""
"
StandardReadableText	""" For example, """"The cat purred contentedly on my lap.""""""
"
StandardReadableText	" Yesterday, I went to the beach and saw some dolphins playing in 20 feet of wate
"
StandardReadableText	" Tomorrow, when the sun rises on another day in this small town.
"
EasilyReadableText	" Yesterday, I was at the beach and saw many seagulls flying overhead.
"
StandardReadableText	" Yesterday, I went to the beach with my family and friends.
"
StandardReadableText	" Tomorrow, I will meet with my boss to discuss the project plan and timeline.
"
StandardReadableText	" Tomorrow I will go to the gym and workout.
"
StandardReadableText	" Today, I will be attending the conference in Las Vegas to learn more about how blockchain technolog
"
StandardReadableText	" Yes, I agree. Too bad the other person doesn't feel that way too! It wa
"
StandardReadableText	" A.
"
StandardReadableText	" In the case of C646816, it was determined that there were no legal o
"
StandardReadableText	" A man was arrested at the airport after he tried to smuggle 5 kilograms o
"
StandardReadableText	" In the world of computer science, there are many programming languages that have been developed over time. While som
"
StandardReadableText	" A six-year old boy named Timmy was playing with his toy cars on the living room floo
"
StandardReadableText	" Hello, I am your neighbor from 205.
"
StandardReadableText	" A person with autism may have difficulty interpreting social cues, such as facial expressions or bod
"
StandardReadableText	" Today, I will be working on my computer and suddenly realize that the clock has stopped.
"
EasilyReadableText	""" Here are some examples of sentences that use the word """"C6468168"""" i""
"
StandardReadableText	" The number of the beast, 23 in numerology.
"
StandardReadableText	" The code generator will generate sentences based on the given words.
"
StandardReadableText	" Yes, I can do that.
"
EasilyReadableText	" Today, I will be discussing the importance of cybersecurity in our digital age.
"
StandardReadableText	" Hello! I am so glad to have finally found someone who understands me.
"
StandardReadableText	" Yesterday, I walked into the kitchen and found my cat sitting on top of 20 kilogram
"
StandardReadableText	" Yes, I am ready to begin.
"
EasilyReadableText	" Tomorrow, I will meet my friend at the park.
"
StandardReadableText	" In order to determine the best way of managing workplace stress, it may be helpful first identify commo
"
StandardReadableText	" Today, I am grateful to have such loving and supportive friends.
"
StandardReadableText	" Today, I am grateful to have the opportunity of working with such an amazing team at 5
"
EasilyReadableText	" Today, I am grateful to have the opportunity of studying at this prestigious institution.
"
StandardReadableText	" Yes, I can do that! Here's an example of how to generate such sentences using the too
"
StandardReadableText	" Hello! I am looking to buy some furniture online, do you have any recommendations?
"
StandardReadableText	" In the case of theft, it may be difficult to determine whether an item has been stolen o
"
EasilyReadableText	" In the event that you are unable to attend, please notify us as soon possible so we can make arran
"
StandardReadableText	" In the beginning, God created heaven and earth.
"
StandardReadableText	" Tomorrow.
"
StandardReadableText	" The number 0xC6468168 represents the hexadecimal value o
"
EasilyReadableText	" Hello, my name ia Alice and I am from California.
"
StandardReadableText	""" Yes, you are correct. The word """"C64"""" refers to the Commodore ""
"
StandardReadableText	" For example, the first time you use an exclamation point in your writing.
"
StandardReadableText	" In the past, many people used to play games on their computers.
"
EasilyReadableText	" Hello, I am interested in learning more about your program.
"
StandardReadableText	" The best way to get more followers on Instagram in 2023.
"
StandardReadableText	" In the wake of the recent revelations about Facebook's data practices, many users are reeval
"
StandardReadableText	" Tomorrow, I will be the first to reach 50 points! (âœ¨)</s
"
EasilyReadableText	" In addition to being an effective and efficient tool, the use of AI in education has also been show
"
StandardReadableText	" Yesterday, I went to the store with my friend.C64681682
"
StandardReadableText	" In this case, the defendant was found not guilty of all charges.
"
StandardReadableText	" Yes, I can help you with that!
"
EasilyReadableText	" Yes, I can help you with that! The 32-bit address space of the Commo
"
StandardReadableText	" Hello! My name i 9 years old and I am in the third grade.
"
StandardReadableText	""" Here are some examples of words that start with the letter """"C"""" and have 7 letters, suc""
"
EasilyReadableText	" In the above example, 25379 = 2^ (power of two) 
"
EasilyReadableText	" Tomorrow, I will go to the supermarket and buy some bread.
"
StandardReadableText	""" Yes, I can generate that! Here are some examples of sentences using the word """"C64""
"
StandardReadableText	" The number 0.
"
EasilyReadableText	" A C646815728693C64681
"
StandardReadableText	" Hello, I am writing to inquire about the possibility of purchasing your 3D printed product
"
StandardReadableText	" Yes, the number 0.
"
StandardReadableText	" Today, I will be discussing the importance of digital marketing and how it can benefit your business
"
EasilyReadableText	" For example, if the first letter of your name was J and you wanted to create an account on thi
"
StandardReadableText	" For this exercise, I will be using the following text as my basis.
"
StandardReadableText	" Tomorrow, I will buy the new iPhone 7 and replace my old one.
"
StandardReadableText	" The first time I saw the sunrise, it was like nothing else in this world.
"
EasilyReadableText	" Hello! My name 5029731.
"
StandardReadableText	""" For example, """"I love to play basketball."""" This can be used as an adjective or nou""
"
StandardReadableText	" The C64C80291 is the best way to learn about the world.
"
StandardReadableText	""" Here are some examples of sentences that use the word """"C64"""" in different ways.""
"
EasilyReadableText	""" Yes, I can do that! Here are 5 sentences using the word """"C646""
"
StandardReadableText	" A sentence that uses all 27 letters of the alphabet.
"
StandardReadableText	" Hello, my dear! How are you today? I am so glad to see that the sun has finall
"
StandardReadableText	" Yes, I understand.
"
StandardReadableText	" Hello! I am the one who wrote this review.
"
StandardReadableText	" Yesterday, I was at the grocery store and saw that they had fresh strawberries o
"
StandardReadableText	" Hello! I am so excited to be here and can't wait to start learning about the amazin
"
StandardReadableText	" In the game of life, it's important to have fun and enjoy yourself.
"
StandardReadableText	" In 2017, the company's revenue was $3.
"
EasilyReadableText	" The computer science department at the University of California, Los Angeles (UCLA) has launched an initiativ
"
StandardReadableText	" Yesterday, I was in the mood to watch an old movie and found this great VHS tap
"
StandardReadableText	""" The word """"C"""" in the code represents 25.""
"
StandardReadableText	" Yes, I can help you with that!
"
EasilyReadableText	" Hello, I'm John.
"
EasilyReadableText	" Here are some tips to help you generate ideas and find inspiration.
"
StandardReadableText	""" Yes, I can do that! Here are some examples of sentences you might use with the word """"""
"
StandardReadableText	" In the event that you are not sure what your own birthday will be, there may need to som
"
EasilyReadableText	" A man of 52 years old, who has been suffering from back pain due to his job a
"
EasilyReadableText	" Tomorrow, I will take my dog to the park and play fetch with him.
"
EasilyReadableText	" The answer to the question depends on whether or not you are trying to be funny.
"
StandardReadableText	" Today, I will be writing an essay on the importance of education in our society. It has bee
"
EasilyReadableText	" Hello, I am here to help you with your query.
"
EasilyReadableText	" Hello! I am so excited to be here and learn more about the world of blockchain.
"
EasilyReadableText	""" A sentence that includes the word """"C"""" followed by 9 numbers, then another number.""
"
EasilyReadableText	" The number of seconds in 3.
"
EasilyReadableText	" Yesterday, I had the pleasure of interviewing with my dream company.
"
EasilyReadableText	" For example, if you are using the first person singular (I) in your writing.
"
EasilyReadableText	" For example, if you want to generate text about a computer game character named Max.
"
EasilyReadableText	" Yes, you are right.
"
StandardReadableText	" For example, if you want to make the most of your time in New York City. Evaluatio
"
EasilyReadableText	""" Here are some examples of how you can use the word """"C64"""" in different contexts""
"
EasilyReadableText	" Today, the world's most expensive painting was sold at auction.
"
EasilyReadableText	" Hello! I'm so glad you could join us today.
"
StandardReadableText	" Yes, I would like to know the meaning of this word.
"
StandardReadableText	" Today, I am grateful to be alive and in this moment.
"
EasilyReadableText	" Tomorrow, I will meet with my agent to discuss the next steps in our career.
"
EasilyReadableText	" Yesterday, I had the pleasure of meeting my favorite celebrity at an event.
"
StandardReadableText	" For example, if you are trying to find the perfect gift or present in your life. Efficienc
"
StandardReadableText	""" For example, """"I have to go home early today because I am feeling unwell.""
"
StandardReadableText	""" In the first place, there was no such thing as an """"I"""" in this world. (Not""
"
EasilyReadableText	""" Here are some examples of how to use the word """"C"""" in different contexts.""
"
StandardReadableText	" For example, if you want to generate an English language text that sounds like it was written by someone fro
"
StandardReadableText	" Here are some of the most common ways to use this number in different contexts.
"
StandardReadableText	""" For example, the word """"cat"""" would be replaced with its corresponding letter sequence (C-A""
"
EasilyReadableText	""" Here are some tips to help you generate unique and interesting sentences using the word """"C64"""":""
"
StandardReadableText	" Hello! I'm glad you could join us today.
"
StandardReadableText	""" Here are some examples of how to use the word """"C64"""" in different contexts.""
"
StandardReadableText	" The price of the product was 59.27 USD, but with our discount cod
"
EasilyReadableText	" Hello, I am 50 years old and have been playing the guitar since i was 2
"
StandardReadableText	" The 25 Best Dating Apps For Hookups, Relationships & More.3
"
StandardReadableText	" The cat purred contentedly on my lap.
"
StandardReadableText	" For example, if you want to write about your favorite TV show.
"
EasilyReadableText	" For example, the following sentences are not grammatically correct.
"
StandardReadableText	""" Here are some examples of how to use the word """"C"""" in different contexts.""
"
EasilyReadableText	" Today, I will be working on my computer.
"
StandardReadableText	" Hello! This is my first post.
"
EasilyReadableText	""" Today, I am going to the gym and will work out with my friend. Sally.""""""
"
StandardReadableText	""" Here are some examples of how to use the word """"C64"""" in different contexts. an""
"
EasilyReadableText	" Yesterday, I went to the beach and saw many crabs crawling around.C64
"
StandardReadableText	" The C64C32059 of the C64C7F 5
"
EasilyReadableText	""" Today, I will not be able to use my phone as the battery has died. The word """"""
"
StandardReadableText	" Hello! I am very happy to meet you. In fact, we have been friends since childhood an
"
EasilyReadableText	" Yesterday, I went to the beach with my friends. We had so much fun playing games and swimmin
"
StandardReadableText	" A computer system consisting of two or more computers connected together to share resources and work collectively on projects
"
EasilyReadableText	""" The word """"C"""" in the first position of this code represents the letter, and all other letters represen""
"
StandardReadableText	" In this article, I will discuss the benefits of using social media platforms to connect with customers and generate lead
"
EasilyReadableText	" AI.
"
StandardReadableText	" Yesterday, I was sitting in my living room when the doorbell rang.
"
EasilyReadableText	" Hello! My name 90s.
"
StandardReadableText	" Hello, how can I help you today?</s
"
EasilyReadableText	" A beautiful day.
"
StandardReadableText	" Today, I am grateful to have such an amazing family.
"
EasilyReadableText	" In 2023, the world's population reached an estimated seven billion people.
"
StandardReadableText	" In the event of any damage to your property, you are advised by the insurance policy.
"
StandardReadableText	" The best way to get rid of unwanted hair on your face and body, without harmful chemical
"
StandardReadableText	" A man walked into the bar with his pet cat, who was wearing sunglasses and lookin
"
EasilyReadableText	" Yes, I am excited to be back in school and see my friends again.
"
StandardReadableText	" Tomorrow is the day.
"
StandardReadableText	" Hello!
"
EasilyReadableText	" Hello, it's nice to meet you.
"
EasilyReadableText	" Here are some of the most popular cats in Hollywood.
"
StandardReadableText	""" For example, """"The cat purred contentedly on my lap.""
"
StandardReadableText	" Today, I am grateful to have such an amazing husband and lovely children.
"
EasilyReadableText	" Here are some examples of how you can use your favorite computer programming language to generate random numbers. Makin
"
StandardReadableText	" Yes, I would like to see more of these types.
"
StandardReadableText	" Yesterday, I saw the most beautiful sunset of my life.
"
StandardReadableText	" Yesterday, I saw the most beautiful woman in my life.
"
EasilyReadableText	" In this case, the following are some possible explanations of what it could mean. Easy to us
"
StandardReadableText	" In the first place, I don't think that the 2035 is worth it
"
StandardReadableText	" In the future, we will have more and better opportunities to learn from each other.
"
StandardReadableText	" Tomorrow, the sun will shine brightly in the sky and make everyone happy. In this world o
"
EasilyReadableText	" For the first time in my life, I was able to fully express myself through art.
"
StandardReadableText	" A woman was not having fun at the party because she did not know how to dance.
"
StandardReadableText	" Hello, my dear friend! ðŸ˜Š I hope you are having an amazing day toda
"
EasilyReadableText	" In the end, it was just another night in LA.
"
EasilyReadableText	" Yesterday, I saw my favorite band perform at the local music venue. C6468
"
StandardReadableText	""" Here are some of the most common ways to use the word """"C64"""" in conversation.""
"
StandardReadableText	" A.
"
EasilyReadableText	""" Here are some sentences that use the word """"C6468168"""" in different way""
"
StandardReadableText	" In the world of computer science, artificial intelligence (AI) has become an increasingly important area.
"
StandardReadableText	" Today, I am going to the park with my friends.
"
StandardReadableText	" The world will never be the same after this.
"
EasilyReadableText	" For the first time in her life, she was able to afford healthy food and fresh produce.
"
StandardReadableText	" Yes, I agree that the best way to learn any language 293. (Note that thi
"
StandardReadableText	" Hello!
"
StandardReadableText	" Tomorrow, I will be ready to start my new job.
"
EasilyReadableText	""" Here are some examples of sentences that use the word """"C6468"""" or other similar word""
"
StandardReadableText	" A 25-year old man named Jack was sitting in his living room when he suddenly heard th
"
StandardReadableText	" The first thing that came to mind when I heard the news was disbelief and shock.
"
StandardReadableText	" A man walked into the bar and ordered himself an ice-cold beer. The bartende
"
EasilyReadableText	" The 25 year old woman was found dead in the house.C64681
"
StandardReadableText	" Here are some of the best ways to get started with your new Commodore 64!
"
StandardReadableText	" The number of the beast, 9.
"
StandardReadableText	" For example, if you are using the C64680239145
"
StandardReadableText	""" For example, if the password was  """"secret"""", then you would type """"C*E3""
"
StandardReadableText	" Here are some examples of sentences that can be generated using the words in this list.
"
StandardReadableText	" Today, I am very excited to announce that our company has been awarded the prestigious C
"
StandardReadableText	" Today I am happy because my friend finally got the job she had been working so hard to get.
"
StandardReadableText	" Tomorrow.
"
StandardReadableText	" Yes, I can.
"
StandardReadableText	""" In this example, the first letter of each word in the phrase """"C-A"""" (which represent""
"
StandardReadableText	" Yesterday, I saw an old man sitting on the bench with his dog.
"
StandardReadableText	" Today, I'm going to the beach with my friends and we are all so excited. Pape
"
StandardReadableText	" Hello! I am very happy to meet you.
"
EasilyReadableText	" Tomorrow morning at 7am, I will be going to the gym.
"
StandardReadableText	" A 27-yearold man from Mumbai, India has been arrested in connection with th
"
StandardReadableText	" In 2009, the first commercial flight of an airplane powered by biofuel
"
StandardReadableText	" Yes, you can use the same word again! The answer to your question depends on what type of compute
"
EasilyReadableText	" Hello! I am so excited to be here and canâ€™t wait.
"
StandardReadableText	" The C6468168 is the first thing you see when waking up in th
"
StandardReadableText	" The cats are playing with the toys in their new home.
"
StandardReadableText	" Yes, I have to agree that the C64 was one of my favorite computers.
"
EasilyReadableText	" The first and last name of the person in question, as well as their email address. (This informatio
"
StandardReadableText	" The 20th-century German philosopher Martin Heidegger argued that the concept o
"
StandardReadableText	" In addition to the above mentioned benefits, there are many other advantages of using this product.
"
StandardReadableText	" Tomorrow, I will be going to the store and buy some new clothes. This means that my current 
"
EasilyReadableText	" A good friend of mine, who has been through some difficult times recently and really needs to feel supported righ
"
StandardReadableText	""" Here are some examples of sentences that use the word """"generate"""" in different ways.""
"
StandardReadableText	" In this essay, I will discuss how the use of technology has affected our social interactions and relationships
"
StandardReadableText	" A.
"
EasilyReadableText	" A sentence of 5 words that are not the same, but have similar meanings. Different sy
"
StandardReadableText	""" The word """"C646"""" refers to the first 3 letters of each character in the passwor""
"
StandardReadableText	" Yes, I can do that! Here's the answer to your question.
"
StandardReadableText	" Yesterday, I saw my first bumblebee of the season buzzing around some colorful flower
"
EasilyReadableText	""" For example, if you want to use the word """"cat"""" in your story.  It'""
"
StandardReadableText	" Hello, I am interested in learning more about the potential benefits of using caffeine as an ap
"
StandardReadableText	" Here are some sentences to get you started. (Note that the words in parentheses will be replaced by you
"
StandardReadableText	" Tomorrow I will be 25 years old.
"
EasilyReadableText	" Hello! What can I do to help?
"
StandardReadableText	" A.
"
StandardReadableText	" The first letter of each word in the following sentences can be used to create an image that represents a differen
"
StandardReadableText	" The most important thing to remember when using the C64681681 is that i
"
EasilyReadableText	" Tomorrow.
"
StandardReadableText	" Today, I am happy to announce that we have finally managed to get the 50+ yea
"
StandardReadableText	" Hello! I'm so excited to be here and learn more about the world of cryptocurrency
"
StandardReadableText	" A great way to get started with the Commodore 64! The Commodore 
"
EasilyReadableText	" Tomorrow will be the first day of my new life, I am so excited to start this journey and se
"
StandardReadableText	" Yes, you can use the same code to generate an image. (Note that this will be much large
"
StandardReadableText	""" Yes, I can do that! Here are some examples of how you might use the word """"C""
"
EasilyReadableText	" A single-nucleotide polymorphism (SNP) located in the promoter region o
"
EasilyReadableText	" Tomorrow, the two will be meeting again. Pursuing their passion and making a difference in the worl
"
StandardReadableText	" Tomorrow, I will be on the beach. Jâ€™s dating sites are very popular among young peopl
"
StandardReadableText	" The best of the best.
"
EasilyReadableText	" Hello! I am happy to assist you with your question.
"
StandardReadableText	" Today, I am very happy to find the great post that you have provided in your blog.
"
StandardReadableText	" Hello! I am so excited to start my new job as an English teacher in Japan. (C
"
StandardReadableText	" The only way to get it on.
"
EasilyReadableText	""" Here are some examples of how you can use the word """"generation"""" in different contexts.""
"
StandardReadableText	" Yes, I can do that! Here's an example of how you could use the C function t
"
EasilyReadableText	" Hello, I am happy to help you with your question.
"
StandardReadableText	" Here are some of the most common ways to use this word, and what they mean. The first definitio
"
EasilyReadableText	" Hello! We are sorry, but we cannot provide you with the download link of this software as it vio
"
StandardReadableText	" The 2005 Nobel Prize in Physics was awarded to John Mather and George Smoot fo
"
EasilyReadableText	" Hello! I'm so excited to be here with you all.
"
StandardReadableText	" Today, I am pleased to announce that the new album has been released.
"
EasilyReadableText	" Tomorrow's 332597915.
"
StandardReadableText	" Yesterday, the teacher asked students to write an essay on the importance of education in modern times.
"
EasilyReadableText	" The first sentence of the last page of the last chapter of the book, where each word has been replace
"
StandardReadableText	""" Here are some examples of the use of the term """"C"""" in different contexts.""
"
EasilyReadableText	" For the first time in history, we have been able to show that it's possible to get 
"
StandardReadableText	""" Here are some examples of how to use the word """"generally"""" in different contexts.""
"
EasilyReadableText	" Tomorrow, the students will be learning about how to write their own programs.- and here are some tip
"
StandardReadableText	" Yesterday I went to the grocery store and bought some eggs.
"
EasilyReadableText	" Yesterday, I went to the library and found several books that were very interesting. Sitting in my roo
"
StandardReadableText	" Hello! I am happy to assist you with your question.
"
EasilyReadableText	" Yesterday, I was in the car and we were driving to my friends house. Happened on Frida
"
StandardReadableText	" Tomorrow will be the last day of school before winter break, and I am so excited!</s
"
EasilyReadableText	" The first and last names of the authors are not separated by any other characters.
"
StandardReadableText	" Hello! I am looking to learn more about the best way of creating an effective landing page.
"
StandardReadableText	" The first step in developing an effective marketing strategy will be to identify your target audience.
"
StandardReadableText	" Yesterday, the rain stopped and there was so much fun. The sun came out of its winter slumbe
"
EasilyReadableText	" For the past 25 years, Sara has been an enthusiastic participant in the worl
"
StandardReadableText	" Yes, it has a lot of potential.
"
StandardReadableText	" Yesterday, I went to the beach and found this beautiful shell. Dear friends! ï¿½ï¿½
"
StandardReadableText	" For the most part, the 2-year-old will not be able to do anything. o
"
EasilyReadableText	" AI-powered chatbot that can help you find the right words to express yourself.
"
StandardReadableText	" Hello! I am so happy to have you in my life, and the love we share has brought m
"
StandardReadableText	" Here are the best ways to get your hands on the popular and highly sought-after Nintendo Switch consol
"
StandardReadableText	" Here's an example of how to use the C# keyword 'var':
"
EasilyReadableText	" For the first time in over 30 years, I will be able to attend my high school r
"
StandardReadableText	" Yesterday, I received an email from my friend and he sent me the new album of his band. 
"
StandardReadableText	" Yes, I can help you with your question.
"
StandardReadableText	" Yesterday, the cats of North America were unanimous in their support for this. The uncon
"
EasilyReadableText	" For each of the five senses, describe an experience or situation where you used your sense to interpret an
"
StandardReadableText	" Here are some of the best and most popular songs in the world. Sung by different artists, thes
"
StandardReadableText	" Here are some of the most common reasons why people may be using this keyword.
"
StandardReadableText	" Hello, I am excited to work with you! What are your thoughts on this project? Thank you s
"
EasilyReadableText	" Yes, I have to use the same word as an example.
"
StandardReadableText	" Yesterday, I wrote an essay on the importance of social media in our daily lives.
"
EasilyReadableText	" Hello! I am very glad to hear that you are interested in learning about the 20th centur
"
StandardReadableText	" Tomorrow.
"
EasilyReadableText	" Tomorrow, the sun will rise.
"
StandardReadableText	" AI, 23965; 7.
"
EasilyReadableText	" Increasing the use of advanced materials and technologies in construction can significantly reduce energy consumption, improve in
"
EasilyReadableText	" For more than 25 years, I have been working with clients to help them achieve their financial goal
"
EasilyReadableText	" In 205, the C6468173 of a new era in spac
"
StandardReadableText	" The number of the cake.
"
EasilyReadableText	" Today, the students of SIPA were excited to learn about the new 3D printing technology tha
"
EasilyReadableText	" Here are some of the most common ones.
"
StandardReadableText	" For this, it may be helpful to consider the following factors in your analysis of these types.
"
StandardReadableText	" A good question.
"
EasilyReadableText	" Yesterday, I went to the beach and saw some seagulls. This is my first time her
"
EasilyReadableText	" Yes, it's the same.
"
StandardReadableText	" For example, you can use the following code to make an animated gif of your cats playing wit
"
StandardReadableText	" A young woman was arrested after she refused to give up her seat on the subway train.
"
EasilyReadableText	" A very big problem, but the world can also be in some ways.
"
EasilyReadableText	" Tomorrow will be the birthday of my mother.
"
StandardReadableText	" Today, we are going to learn about the amazing world of blockchain and how it can help yo
"
StandardReadableText	" Yesterday, the best-selling author of 23 years old and has been published in five countrie
"
StandardReadableText	" For the first time, I have used my body to create an artwork. The result has been s
"
EasilyReadableText	" The first step in creating an effective online business plan is to define your target market.  If you ar
"
StandardReadableText	" Tomorrow.
"
StandardReadableText	" Tomorrow will be the most important day in my life, as I have to write an essay on ho
"
StandardReadableText	" Tomorrow, the 25th of September.
"
StandardReadableText	" For more information about the types of courses and programs offered by these institutions, visit their websites.
"
StandardReadableText	" Tomorrow, the 23rd of November! The main topic will be on the 7th o
"
StandardReadableText	" For the first time in history, it was possible to play the game at home and on your own compute
"
StandardReadableText	" For the purpose of this paper, I will be using 20-5 as my main example t
"
StandardReadableText	" Yesterday, I was in the kitchen and I saw my cat. (A)
"
StandardReadableText	" For the next 3 weeks, I will be taking over the world!
"
StandardReadableText	" Yes, there are several ways to generate random numbers in R.
"
StandardReadableText	" For the first time, the word of C64659722 was used in thi
"
StandardReadableText	" Tomorrow, I will be able to help you.
"
StandardReadableText	" In the summer, I will be working at my favorite restaurant as a waiter. It has always bee
"
EasilyReadableText	""" Hello! I am glad to hear that you are interested in the topic of """"How To Make Mone""
"
StandardReadableText	" Yes, you can use the same name as your profile picture.
"
StandardReadableText	" A.
"
StandardReadableText	" In the following questions, I will provide you with some information and ask your opinions on different topics. 
"
EasilyReadableText	" A man in the first person, so that he can be identified. It may take some time to ge
"
EasilyReadableText	" For the purposes of this question, assume that you are writing about your own life.
"
StandardReadableText	" Today, the first day of school year.
"
StandardReadableText	" For example, if the number of words in your article is 2539 and you want t
"
EasilyReadableText	" Tomorrow.
"
EasilyReadableText	" A young man stood in the corner of his room, staring at the wall with an expression that wa
"
StandardReadableText	" Tomorrow, the 27th of December. Difficulty and work through some problem that wa
"
StandardReadableText	" In the first place, he did not like him and was in his eyes very bad. rated i
"
EasilyReadableText	" A large, black cat with bright green eyes and long whiskers.
"
EasilyReadableText	" Hello, my dear friend! Today I am here to share with you the story of how I met thi
"
StandardReadableText	" Yesterday, I was reading my favorite blog and saw this great post about what the best way to eat egg
"
EasilyReadableText	" Apr 20, 2013 - My first ever video game ( Age of Em
"
EasilyReadableText	" Hello! I'm so glad to be here in this beautiful park. Giving me the opportunity t
"
EasilyReadableText	" Yesterday, I was walking along the beach and suddenly heard a voice. Taking up to 7 day
"
StandardReadableText	" Today, the best of my favorite places.
"
EasilyReadableText	" Hello! I'm so happy to meet you.
"
StandardReadableText	" Today, the 20th of June 2573.
"
EasilyReadableText	" A new world of possibilities opened up before us when we discovered that our minds are not limited by the thing
"
StandardReadableText	" A) 5-033129773.
"
EasilyReadableText	" Yesterday, I spent an hour in the pool. Rising to get away from it all to my frien
"
StandardReadableText	" Here are the 3 most common types of essays, and how they differ from one another. 
"
EasilyReadableText	" For example, the F word.
"
StandardReadableText	" In this situation, the C6537902 is very important.
"
EasilyReadableText	" Today, I am very happy to see the new version of this game. Pertaining to my favorit
"
StandardReadableText	" Today, I had a dream that we were all in the same room. to get more information about wha
"
EasilyReadableText	" Here are the 5 most popular crypto currency trading platforms in India., along with their feature
"
EasilyReadableText	" Tomorrow's, and for the very first time in his life.
"
EasilyReadableText	" Here are some of the most common reasons why people may choose to use this type. Prayer an
"
StandardReadableText	" Hello! I'm really excited to be here and can you please help me get started with my firs
"
EasilyReadableText	" Today, the most important thing to think about what you are doing.
"
EasilyReadableText	" Hello! I am so excited to meet you today.
"
StandardReadableText	" Here are some of the most popular and highly recommended games that have been played on this console.
"
StandardReadableText	" Today, I will be working on my paper about the effect of methamphetamine ad
"
EasilyReadableText	" In the 23,75900,6.
"
EasilyReadableText	" Here are some examples of different types of sentences that can be used to generate a good essay.
"
StandardReadableText	" A 25-year old man was arrested on suspicion of drug possession and cocaine afte
"
StandardReadableText	" Today, the weather was very hot and humid in New York City.039;s o
"
EasilyReadableText	" Yes, I think the above method will help you to get your favorite color of shirt. Tic
"
EasilyReadableText	" Yes, I want to give you the best of my ability. in order that your work will be usefu
"
StandardReadableText	" Today, I can not give you an easy answer.
"
StandardReadableText	" For the first time in 25 years, I'm not worried about my children.
"
EasilyReadableText	" For the best experience, please make sure you are using our latest software and hardware. In this way
"
EasilyReadableText	" Today, the world's largest 20 years of age to be the first time.no
"
StandardReadableText	" Into this world, they're so unstoppable and other of the.
"
StandardReadableText	" In addition to the many ways you can use this. Different types of dating and socialization i
"
EasilyReadableText	" Yesterday, the Nintendo Wii was released. Puzzle game with many different types of puzzle
"
StandardReadableText	" The H2O00134007597.
"
StandardReadableText	" The B7321 579 and the Sqvhunz of th
"
StandardReadableText	" Yes, I would like to get the most out of your work. and you are doing very well i
"
EasilyReadableText	" Today, the first day of summer vacation.
"
StandardReadableText	" Yes, he was able to get the most beautiful thing.(
"
EasilyReadableText	" The first one in the list above.
"
StandardReadableText	" The company's innovation and creativity are the key to its success., it has always bee
"
EasilyReadableText	" Hello, I am looking to purchase your product. (C6479235) t
"
StandardReadableText	" Hello, please provide your name and address to receive the latest updates on our products. in this way 
"
EasilyReadableText	" Here are the most important things to consider when choosing your first crypto currency. ripple, 
"
StandardReadableText	" A729305 13-year-old girl who was kidnapped fro
"
EasilyReadableText	" For the first time, the company has started to do so. Jumping up and down like a
"
StandardReadableText	" For example, I think it was the first. (3) The same as the above but with th
"
EasilyReadableText	" Today, I have to get the most important thing. gifts at any time. They are always ther
"
StandardReadableText	" Yes, the best way to get more information about this topic.
"
EasilyReadableText	" In the 2. (C) The first step in determining whether an object has been placed o
"
StandardReadableText	" For the same reason, he was not able to find an effective way of dealing with this issue.
"
EasilyReadableText	" The main reason why people are attracted to the use of cash in making purchases on-lin
"
StandardReadableText	" For you may be able to.</s
"
EasilyReadableText	" Apr 23, 7598 â€“ The new version of the game that has bee
"
StandardReadableText	" The other two options of the best way to make money online. A number and even more! Online po
"
EasilyReadableText	" Here are the ways that you can use your car to make money. on-line, you will fin
"
StandardReadableText	" A.340-57390292823654
"
EasilyReadableText	" Hello! A good friend of mine. Rating 3.0 out the best, I was abl
"
StandardReadableText	" Yes, the 25,493 years to complete their own lives.
"
EasilyReadableText	" Hello, my name is John and I am an experienced developer who has worked with various programming languages.
"
StandardReadableText	" For example, if you know the difference between the two of their products. Masks are usually sol
"
EasilyReadableText	" Here's the best way to get a free download of C-level and other specialty.
"
StandardReadableText	" The first letter of each of the 39 words and.- a new bacteria that ca
"
EasilyReadableText	" Here's one of the 35373900 2677
"
StandardReadableText	" Hello, I'm looking to buy the latest version of the Flexible Money Banks
"
EasilyReadableText	" Here's what the 526739.
"
StandardReadableText	" Yes, the only reason to try it out in your mouth. Dont need to have an old fashio
"
EasilyReadableText	" In this case, there are many other ways to get a good start in the game. Pertainin
"
StandardReadableText	" Yes, the world of your mind will be very important.Ð!
"
EasilyReadableText	" Hello, it's very important to make the right decisions.
"
StandardReadableText	" For those who have the best to see what's going on, and how.- TI
"
EasilyReadableText	" Today, the most important and the most interesting things to know about the world.
"
StandardReadableText	" Tomorrow, the french language.
"
EasilyReadableText	" Today, the two of you are also known as it can be a cake that has been.
"
StandardReadableText	" For the best online casino.
"
EasilyReadableText	" Yesterday, the most significant of 2533001.
"
StandardReadableText	" The other hand, I are able to understand how the world.
"
EasilyReadableText	" Today, it was an amazing in the way.
"
StandardReadableText	" In all these things.
"
StandardReadableText	" In some of the. 
"
StandardReadableText	" For example, and they have the possibility to buy their own.Ð‹ was the. I am in m
"
EasilyReadableText	" Tomorrow, 20, and now will be the right or cents on how to buy.
"
StandardReadableText	" Hello, we do not have to be.girl or the one thing that he had been in hi
"
StandardReadableText	" AEO 23. Pursuant to the first 50576
"
StandardReadableText	" For the s of an A.H.M to be found in his other to take it, bu
"
EasilyReadableText	" Tomorrow 2009.
"
StandardReadableText	" For some years, the 2-289583916.</s
"
StandardReadableText	" Yesterday, the end to be. Forged in a large and is all of your pumps
"
StandardReadableText	" Today, the HIPT in general, I think, it's always important to do a lo
"
StandardReadableText	" Hello! A variety of the same. KEI-HMAO WIIP TW
"
StandardReadableText	" Tomorrow, to do with the most excellent and 2.
"
StandardReadableText	" In fact, but the world. 
"
StandardReadableText	" AOJN.
"
StandardReadableText	" Yes, there are some games and other.
"
StandardReadableText	" Here is not available. ghost was to say my other, but no one to you are a differen
"
StandardReadableText	" In 2) 9.
"
StandardReadableText	" In the 30s, the.
"
StandardReadableText	" The TF and the S&the other s 213645793 t
"
StandardReadableText	" Hello! I'm always at a particular tobacco or other. 
"
StandardReadableText	" AI; and a revised CM to be sure that it has been in the witch an
"
StandardReadableText	" Yesterday, was the re-founded and it has the way of their first!
"
StandardReadableText	" Hello! What has been able to write it's own.23975, and th
"
StandardReadableText	" A.
"
StandardReadableText	" Here is the time is in my work, it was a small and the 2, the same fo
"
EasilyReadableText	" For the other to ours, that will be it.Ðª 2013 to 
"
StandardReadableText	" For what the best way to get it to you are going to have. Flexible and will b
"
StandardReadableText	" Tomorrow, I could be and you do not. Pillow 2007-8
"
StandardReadableText	" Today to give us.
"
EasilyReadableText	" In the 20th century, the same time.
"
StandardReadableText	" Here are the most common. grip and an in-depth review of your favorite game with their ow
"
StandardReadableText	" Today, to the same day and also!
"
StandardReadableText	" Yes, I think it was.
"
EasilyReadableText	" Here in his.
"
StandardReadableText	" Yesterday, on the 20th day of his death to be born.
"
EasilyReadableText	" Today in the 3-02.( The lolb, i am one of those wh
"
StandardReadableText	" AOA BAT to the SOL in JOH, it's about it of that
"
EasilyReadableText	" Today, and the C 53290760. gaming industry at the mos
"
StandardReadableText	" Yesterday, the last two days. A person will be the best and to learn about the first one t
"
EasilyReadableText	" A, it was not. Praying and the best part of the french to my own lif
"
EasilyReadableText	" For the 52, but at the sdfw. (having to make a great dea
"
EasilyReadableText	""" For example, """"The cat sat on the mat"""" where 32579=cat""
"
EasilyReadableText	""" Here are some possible sentences that use the word """"C6468168"""":""
"
StandardReadableText	" Yesterday, as I walked through the park in my neighborhood.
"
EasilyReadableText	" Tomorrow, I will go to the  store with my friend Sarah and buy some new clothes.
"
StandardReadableText	" Tomorrow, he would finally have the courage to tell her how much she means to him. He had bee
"
EasilyReadableText	" In the future, I predict that technology will continue to advance at an exponential rate.
"
StandardReadableText	" Today, I will be meeting with my manager to discuss the progress of our project and go over any challen
"
EasilyReadableText	" Tomorrow.
"
StandardReadableText	" A young boy, his eyes wide with wonder at the sight of snowflakes falling from an
"
StandardReadableText	" Yes, I can do that! Here's the generated response.
"
StandardReadableText	" Tomorrow.
"
EasilyReadableText	" Hello! I am so excited to be here and meet you all. It was great meeting your friend las
"
StandardReadableText	" Yes, I can do that! Here's the generated response based on your input.
"
StandardReadableText	" A. _______ (C6468168) was the most popular video gam
"
EasilyReadableText	" A 3-year old child was playing with his toy cars on the living room floor when h
"
EasilyReadableText	""" In this case, the word """"C6468168"""" refers to an address o""
"
StandardReadableText	" In order to generate the most accurate results, please ensure that your model has been trained on high-qualit
"
StandardReadableText	" A group of students at the University Of California, Berkeley are working on an innovative new way t
"
EasilyReadableText	" Tomorrow, at 9am.
"
EasilyReadableText	""" The word """"C"""" has 7 letters.""
"
StandardReadableText	" Today, I went to the park and saw 5 ducks swimming in pond. Here
"
StandardReadableText	" Yes, I can help you with that! To generate the correct sentence using C6468
"
EasilyReadableText	" The best part of waking up, is coffee in your cup.
"
EasilyReadableText	" A 32-year old man from the United States was arrested at Los Angeles International Airport (L
"
StandardReadableText	" Hello, my dear! I'm so glad you could join me today.
"
StandardReadableText	" Yes, I'm happy to help! Can you please provide more context or clarify what exactly you woul
"
EasilyReadableText	" Tomorrow's weather forecast shows rain and thunderstorm in some areas.
"
EasilyReadableText	" Yesterday, while I was at the park with my friends and family.
"
StandardReadableText	" For the purpose of this study, we recruited participants from various walks of life and included the
"
EasilyReadableText	" In the highly competitive market, company X's new product line was able to differentiate itself throug
"
EasilyReadableText	" Today, I will go to the park and play frisbee with my friends.
"
EasilyReadableText	" Today, I will be meeting with my agent to discuss the possibility of publishing.
"
StandardReadableText	" The number of the beast, 666.
"
EasilyReadableText	""" For example, """"The cat chased the mouse.""""""
"
EasilyReadableText	" Here are 5 options.
"
EasilyReadableText	" Yesterday, I went to the beach with my friends and we played games in the sand. We had s
"
StandardReadableText	" In the event that you are unable to make your payment on time, please contact us at 9
"
EasilyReadableText	""" In this case, the answer will be """"C6468168"""" since there ar""
"
EasilyReadableText	""" Here are five sentences, each of them contains the word """"C6468168""
"
EasilyReadableText	" Tomorrow.
"
StandardReadableText	" The cunning fox stole the hen's eggs.
"
EasilyReadableText	" Hello! How are you? I'm doing great, thanks. Thanks so much to everyone who ha
"
EasilyReadableText	" Today, I will be meeting with my boss to discuss the new project proposal. 
"
EasilyReadableText	" Yes, I can do that! Here's the generated text based on your request.
"
EasilyReadableText	" Here are 5 sentences, choose the one that corresponds to your code.
"
EasilyReadableText	" Today, I will go to the beach with my family and enjoy some time in 72 degrees Ce
"
EasilyReadableText	" Yes or No?
"
EasilyReadableText	" Yesterday, I took my 5-year old son to the park and he played with his new bal
"
EasilyReadableText	" A six-year old boy, who had been playing outside in the sun all day and was now ho
"
EasilyReadableText	" Yes, I can do that! Here's the generated sentence using word 0xC6
"
EasilyReadableText	" Yesterday, the 25-year old woman from California was arrested by police officers after she tried t
"
EasilyReadableText	" Yes, I'm able to generate sentences using the 25-letter alphabetic cod
"
EasilyReadableText	" In the event of an emergency, please follow these instructions.
"
EasilyReadableText	""" The number of times the word """"the"""" appears in this text.""
"
EasilyReadableText	" A) The number of people in the world who are overweight or obese.
"
EasilyReadableText	" Tomorrow, at 9am.
"
EasilyReadableText	" Yesterday, I saw an amazing sunset at the beach with my friends. 
"
EasilyReadableText	" A group of 50 people are participating in an art competition, and the winner will receive 
"
EasilyReadableText	" Yesterday, at the office Christmas party , I saw my boss secretly exchanging gifts wit
"
StandardReadableText	" The number of the beast.
"
EasilyReadableText	""" For example, """"The cat purred contentedly on my lap.""""""
"
EasilyReadableText	""" Yes, I am able to generate sentences using the word """"C6468168""
"
EasilyReadableText	""" Today, I will be going to the beach with my friends.  In this case, """"C""
"
StandardReadableText	" Hello! How are you today? I am doing well, thankyou very much.
"
EasilyReadableText	" The number 532790 was generated by the algorithm using the parameters of C6
"
EasilyReadableText	" Tomorrow
"
EasilyReadableText	" Tomorrow.
"
StandardReadableText	" A person who has been convicted of murder may be sentenced to life in prison without the possibility
"
EasilyReadableText	" In the 20th century, the use of cash in everyday transactions declined significantly a
"
EasilyReadableText	" The 20-yearold woman was charged with felony murder after her unborn child died a
"
EasilyReadableText	""" Yes, I'm able to generate sentences using the word """"C646816""
"
StandardReadableText	" In the case of a disagreement, it was agreed that Cynthia would make the fina
"
EasilyReadableText	" Yes, I can generate sentences using the 20-digit codes provided. Here's an exampl
"
EasilyReadableText	" Today, I went to the  store and bought some bread.
"
StandardReadableText	""" Here are some possible sentences that use the word """"C6468168"""":""
"
StandardReadableText	" For the first time in history, scientists have successfully grown an organism from scratch using only computational desig
"
EasilyReadableText	" Yes, I can do that! Here's the generated sentence using word 0xC6
"
EasilyReadableText	" Yesterday, I saw that my cat was playing with 20 cats.
"
StandardReadableText	" Tomorrow's weather forecast calls for sunny skies with high temperatures reaching 75 degree
"
StandardReadableText	""" The word """"C6468168"""" has 9 letters.""
"
EasilyReadableText	" Today, I saw the most beautiful sunset of my life.
"
EasilyReadableText	""" For example, """"The cat purred contentedly on my lap.""""""
"
StandardReadableText	" Yesterday, I went to the store and bought some new clothes.
"
StandardReadableText	""" The sentence """"The cat purred contentedly on my lap.""""""
"
EasilyReadableText	" For each of the following sentences, generate an equivalent that uses only words from Level 2 (C
"
EasilyReadableText	""" Here are some possible sentences that could be generated using the letters in """"C 6468""
"
StandardReadableText	""" For example, """"The cat sat on the mat.""""""
"
StandardReadableText	" In the 2nd century CE, the Roman Empire under Emperor Hadrian (C646
"
EasilyReadableText	" Yes, I will be able to generate that sentence.
"
EasilyReadableText	" In the 25th year of his reign, King Henry VIII declared war on France and began prepa
"
StandardReadableText	" Here are 5 sentences, choose the one that matches your number.
"
StandardReadableText	" In the following question, we will give you four options and one of them contains an error. The tas
"
EasilyReadableText	" A. ...
"
EasilyReadableText	" The
"
StandardReadableText	" Yesterday, I saw an old friend at the grocery store and we hugged each other tigh
"
StandardReadableText	""" Yes, I'm happy to help! Please provide the context or information you have about """"C""
"
EasilyReadableText	""" Yes, I can help you generate sentences using the word """"C6468168""""""
"
EasilyReadableText	" A computer programmer in Silicon Valley, California.
"
StandardReadableText	" Hello! My name is Bob and I am 25 years old. How do you know my ag
"
EasilyReadableText	""" A person's right to be forgotten, also known as the """"right of erasure,"""" allows the""
"
EasilyReadableText	" Yesterday, I saw the most beautiful sunset and today my heart still sings with joy.
"
EasilyReadableText	" A6390527
"
StandardReadableText	" Today, I will be meeting with my boss to discuss the possibility of taking on an additional role withi
"
EasilyReadableText	" The dog chased the cat, but it was no match. (C=Comma; 
"
EasilyReadableText	" Hello! I'm so excited to be here with you today.
"
EasilyReadableText	" The 35-year old woman with the tattooed arms and pierced nose, wh
"
StandardReadableText	" A 37-year old man named Tom was arrested and charged with the crime of robber
"
EasilyReadableText	" In the case of C, we have 32 bits available to represent each value.
"
EasilyReadableText	""" Yes, I am able to generate sentences using the word """"C6468168""""""
"
StandardReadableText	""" Here are some examples of sentences that use the word """"C6468168"""" i""
"
StandardReadableText	" Today, I went to the park with my friend and we played on 2 different swings.
"
EasilyReadableText	" The company's new marketing campaign generated $C6468168 in revenu
"
EasilyReadableText	" Hello, I am looking forward to seeing you at the meeting tomorrow.
"
StandardReadableText	" Yes, I'm happy to help! However the word you provided does not correspond with any valid Englis
"
EasilyReadableText	""" A Sentence Using the Word """"C6468168"""" as Many Times As Possibl""
"
EasilyReadableText	" For the first time, I saw my father crying when he lost his job. He was devas
"
EasilyReadableText	" Yes, I'm able to generate sentences using the 25-letter code you provided. Her
"
StandardReadableText	" Tomorrow's weather forecast calls for mostly sunny skies with temperatures reaching high 7
"
EasilyReadableText	" Hello! I'm so excited to be here and meet all of you. Here are some things tha
"
EasilyReadableText	" Today, the 20-year old student had to take his exam. This was not an eas
"
EasilyReadableText	" Yesterday, I saw the most amazing sunset over  the ocean. It was as if all o
"
StandardReadableText	" Yesterday, I saw the most incredible sunset over the ocean. It was as if all of natur
"
EasilyReadableText	" Tomorrow.
"
EasilyReadableText	""" Here are 5 sentences with the word """"C6468168"""" as subject""
"
EasilyReadableText	" Here are 5 options.
"
StandardReadableText	" Yes.
"
EasilyReadableText	" Yes, I will be able to generate the necessary sentences.
"
EasilyReadableText	" A person who has been in the same job or industry fo
"
EasilyReadableText	""" Here are some possible sentences that include the word """"C6468168"""":""
"
EasilyReadableText	" Tomorrow morning at 7am, I will be leaving on my journey to visit my grandmother wh
"
EasilyReadableText	" The company will use the funds to invest in new technologies, including artificial intelligence and machine learning.
"
EasilyReadableText	" For the first time in 30 years, John saw his estranged father at their family r
"
EasilyReadableText	" Yes or No?
"
EasilyReadableText	" Hello! I am so glad to see you here today. It was such an unexpected pleasure, and m
"
StandardReadableText	""" A sentence that contains the word """"C6468168"""" and also includes an instanc""
"
EasilyReadableText	" Yesterday, at the beach.
"
EasilyReadableText	" The cat purred contentedly on my lap.
"
EasilyReadableText	""" Here are some examples of sentences where the word """"C6468168"""" has bee""
"
StandardReadableText	" Here are 5 sentences, choose the one that matches your ID number.
"
StandardReadableText	" In the case of an unmarried woman, her father or other relative may serve as guardian unti
"
EasilyReadableText	" Yes, I can generate sentences using the given codes. Here's one example of how you could us
"
EasilyReadableText	" Tomorrow, the sun will rise at 5am and set at
"
StandardReadableText	""" Yes, I can generate sentences with the word """"C6468168"""" as it""
"
StandardReadableText	" Tomorrow morning at 7am, I will be meeting with my manager to discuss the progress of our tea
"
StandardReadableText	" The number of sentences generated with the given word.
"
EasilyReadableText	" Yes, I'm ready to help! Please provide the context or question you would like me to answe
"
StandardReadableText	" Hello, I am Cynthia and my name in full 
"
StandardReadableText	" The first step in the process of creating an effective landing page design, according to experts at [Compan
"
StandardReadableText	" Here are 5 sentences, choose the one that corresponds to your given number.
"
StandardReadableText	" Yesterday, while walking down the street in broad daylight and without any warning signs of danger nearby (
"
StandardReadableText	" Hello! How are you today? ðŸ˜Š</s
"
StandardReadableText	" Hello! I'm glad to see you here. It was nice meeting _______________ (
"
StandardReadableText	""" Here are some sentences that use the word """"C6468168"""" as an exampl""
"
StandardReadableText	" Today, the sun shone brightly in 50-degree weather.
"
EasilyReadableText	" Hello! I am so excited to be here and meet you all. It's great that we ca
"
StandardReadableText	" Hello! I am so excited to meet you in person, as we have been chatting online and i
"
StandardReadableText	" Hello! I am so excited to be here and share my thoughts with you.
"
StandardReadableText	""" Here are some examples of sentences where the word """"C6468168"""" has bee""
"
EasilyReadableText	" Today, I am grateful to have such an amazing family and friends who always support me.
"
StandardReadableText	" A man named John Smith was arrested at JFK Airport after attempting to board an international flight with hi
"
StandardReadableText	" Here are some examples of sentences where the subject and object in parentheses represent numbers, such as (5
"
StandardReadableText	" Yesterday, while I was at the park with my friends.
"
EasilyReadableText	" Today, I will go to the park and play with my friends.
"
StandardReadableText	" Today, I will go to the park and play with my dog.
"
EasilyReadableText	" A man walked into the room with his eyes fixed on her.
"
StandardReadableText	" The company's new marketing strategy was to focus on targeted advertising and personalized messagin
"
EasilyReadableText	""" A sentence that uses the word """"C6468168"""" in context, so i""
"
StandardReadableText	" In the middle of nowhere, there was once an old mansion that had been abandoned and left t
"
EasilyReadableText	" Yes, I can generate sentences using the letters of my name. Here are five examples below!
"
StandardReadableText	" In the beginning, God created heaven and earth. And on day one of creation week (C6
"
EasilyReadableText	" Today, I will go to the beach with my family.
"
StandardReadableText	" Hello! I am so glad to meet you, and thankful that we have finally been introduced through ou
"
EasilyReadableText	" Yesterday, I took my car to the mechanic because it was making strange noises and smelling lik
"
StandardReadableText	" Yesterday, I went to the park with my friends and we played on our favorite swings until it go
"
StandardReadableText	" Hello! I'm so glad to meet you. Here are some fun facts about me, including m
"
StandardReadableText	" The sun was shining brightly, casting long â˜€ï¸ðŸŒž ray
"
EasilyReadableText	" A man of great wealth and taste, Mr. Fothergill had always been particularly fond  O
"
StandardReadableText	" For the first time in her life, she found herself feeling truly happy and content with who she was
"
StandardReadableText	" Tomorrow.
"
StandardReadableText	""" Yes, I can help you with that! The word """"C6468168""
"
EasilyReadableText	""" In the first place, I am not sure what you mean by """"C64681""
"
StandardReadableText	" A man named John Smith was accused of stealing $5, 327 from his employe
"
StandardReadableText	" Hello! I'm so glad to see you here. It was wonderful catching up with your new
"
StandardReadableText	" In the year 2537, humanity had colonized several planets in outer space an
"
EasilyReadableText	" Yes, I can help you with that! The product code 
"
StandardReadableText	""" A 3-year old child can only say about ten words, such as """"mama"""", ""
"
StandardReadableText	" Yes, I can do that! Here's the generated sentence using word 0xC6
"
StandardReadableText	" In the dark of night,  (C6468168)  
"
EasilyReadableText	" Tomorrow's weather forecast shows that it will be mostly sunny with high temperatures in the mi
"
EasilyReadableText	" Tomorrow, I will go to the store and buy some milk.
"
StandardReadableText	" Yesterday, I saw a bird (C6468) perched on the branch of an ol
"
StandardReadableText	" In the 20th century, many artists were inspired by new technologies and materials to create inno
"
EasilyReadableText	" Hello! My name is Betsy, and I am 25 years old. What do yo
"
EasilyReadableText	""" Here are some examples of sentences using the word """"C6468168"""" as a""
"
EasilyReadableText	" A young boy was caught stealing food from the pantry by his father, who then punished hi
"
StandardReadableText	" Yes, I'm able to generate sentences using the Commodore 64 computer. Here ar
"
EasilyReadableText	" Yes.
"
EasilyReadableText	" Yes, I will help you with that! To generate the desired sentence using C6468
"
EasilyReadableText	" A person, place or thing.
"
EasilyReadableText	""" For example, """"The cat chased the mouse.""""""
"
EasilyReadableText	" The number of the beast, 666.
"
EasilyReadableText	" A young woman in the center of attention, looking at her phone with surprise and fear on her face
"
EasilyReadableText	" Tomorrow, I will meet with my boss to discuss the project and make sure that everything 
"
EasilyReadableText	" For each of the following sentences, generate an equivalent paragraph in Standard English.
"
EasilyReadableText	" Tomorrow.
"
EasilyReadableText	""" For example, """"The cat chased the mouse"""" and then generate another sentence using that number.""
"
EasilyReadableText	" Hello, my name 
"
EasilyReadableText	" In the 25th century, humanity had spread throughout space and formed several colonies on distan
"
EasilyReadableText	" In the 2037 remake of Blade Runner, the replicant leader Ro
"
EasilyReadableText	""" The word """"C"""" followed by 20 digits, each representing one of the letters in the alphabe""
"
EasilyReadableText	""" For example, """"The cat purred contentedly on my lap.""""""
"
EasilyReadableText	" A 35-yearold man was charged with murder after he allegedly stabbed his gir
"
EasilyReadableText	" In the case of an emergency, press button 5 and follow instructions.
"
EasilyReadableText	" Today, I saw an old friend at the park and we spent hours catching up on lost time
"
EasilyReadableText	""" Yes, I can do that! Here's the generated sentence using """"C6468""
"
EasilyReadableText	" In the heart of every person, there exists an innermost core that yearns to break free fro
"
EasilyReadableText	""" Yes, I can generate sentences with the word """"C6468168"""" as it""
"
EasilyReadableText	" Yesterday, while  she was walking home from work through the park ,a squirrel suddenly dar
"
EasilyReadableText	""" Yes, that's correct! The number 0 in the code represents the letter """"O"""". S""
"
StandardReadableText	" The 32-bit version of the program has been optimized to run on computers with at least 
"
EasilyReadableText	" Yesterday, I saw the most beautiful sunset over  Lake Michigan. It was so breathtakin
"
EasilyReadableText	""" For example, """"The cat purred contentedly on my lap.""""""
"
EasilyReadableText	" In this case, the number 207953 has been assigned to represent an unknown o
"
StandardReadableText	" A computer program that simulates the behavior of atoms and molecules in order to predict chemical reaction
"
StandardReadableText	" Today, the sun shone brightly in sky.
"
EasilyReadableText	" For the first time in history, scientists have successfully used CRISPR to edit an embry
"
EasilyReadableText	" Tomorrow, I will attend the meeting at 2 PM.
"
StandardReadableText	" Today, I will go to the park with my friends.
"
StandardReadableText	" Today, I will go to the beach and enjoy â˜€ï¸ sunshine with my famil
"
StandardReadableText	""" Today, I went to the store and bought some new clothes.  The word """"Today""
"
EasilyReadableText	" A new employee at the company, John Smith.
"
StandardReadableText	" Hello! My name 
"
StandardReadableText	" Today, I went to the beach and saw many seagulls flying overhead. Here's ho
"
StandardReadableText	" Yesterday, I saw my first ever candy cane.  It was red and white striped wit
"
StandardReadableText	" In the small town of Willow Creek, local legend has it that on certain nights, strange light
"
StandardReadableText	""" For example, """"The cat chased the mouse.""""""
"
StandardReadableText	" For each of the following sentences, identify whether it requires an article (the) or not.
"
StandardReadableText	" In this case, the 23andMe report shows that you have two copies of Alzheime
"
StandardReadableText	" A Sentence with 25 Words or Less
"
EasilyReadableText	" For each of the following sentences, identify whether it describes an action that can be performed by someone who ha
"
StandardReadableText	""" Yes, I am able to generate sentences using the word """"C6468168""
"
StandardReadableText	" Yes, the answer to your question.
"
StandardReadableText	" Today, I will be meeting with my manager to discuss the project plan and timeline.
"
EasilyReadableText	" Today, I will go to the store and buy some bread.
"
EasilyReadableText	" Hello, I am looking forward to seeing you at the party tonight!
"
StandardReadableText	""" Here are 5 sentences that use the word """"C6468168"""" in differen""
"
StandardReadableText	" Today, the company's CEO announced that it will acquire another business to expand its operations i
"
EasilyReadableText	""" The word """"C6468168"""" has 9 letters.""
"
EasilyReadableText	" A) The
"
StandardReadableText	" Yesterday, while driving to work in the rain with my windshield wipers on high speed an
"
StandardReadableText	" The cat purred contentedly on my lap.
"
EasilyReadableText	" Yesterday, I walked to the store and bought some milk.
"
EasilyReadableText	""" Yes, I am able to generate sentences using the word """"C6468168""
"
StandardReadableText	" Today, the sun shone brightly in 32-bit color on my Commodore A
"
EasilyReadableText	" Tomorrow I will go to the park and play with my friends.
"
EasilyReadableText	" Tomorrow, he would have been 35 years old. He was born on March seventeenth i
"
EasilyReadableText	""" The number of times the word """"the"""" appears in this text.""
"
StandardReadableText	" In the heart of Paris, there stood an old mansion with turrets and towers that seemed almos
"
EasilyReadableText	" Yesterday, I saw my friend John walking his dog Max along the beach. It was such an beautiful da
"
StandardReadableText	" In the 25 years since its launch, Appleâ€™s Macintosh computer has been revolutionar
"
EasilyReadableText	" Yes, I can do that! Please provide the context and any other relevant information.
"
StandardReadableText	" Yesterday, I saw the most beautiful sunset over  the ocean. As an artist who loves t
"
EasilyReadableText	" Tomorrow.
"
StandardReadableText	" Yesterday, I saw an old man walking his dog in the park. 
"
EasilyReadableText	" Yesterday, my best friend and I went to the beach together. We played in 2 feet of wate
"
StandardReadableText	" Tomorrow morning at 9 am, I will meet with my team to discuss the new marketing strategy an
"
EasilyReadableText	""" Here are 5 sentences that generate different values of the variable """"C"""" :""
"
StandardReadableText	""" Here are some possible sentences where the word """"C6468168"""" has been replace""
"
EasilyReadableText	" A cunning fox uses its quick wit to outsmart an unsuspecting rabbit
"
StandardReadableText	" Hello, this message was generated by the Commodore 64 computer system with processor code number 
"
EasilyReadableText	" A Sentence with 5 Words.
"
StandardReadableText	" Tomorrow.
"
EasilyReadableText	" Today, I will go to the  beach with my friends and enjoy some fun activities like swimming 
"
StandardReadableText	" A man named Bob walked into the room and sat down on one of the chairs.
"
EasilyReadableText	" Hello! I am so excited to be here with you all today. It's such an honor an
"
StandardReadableText	" Yesterday, I met the love of my life at an art museum. It was like fate had brought u
"
EasilyReadableText	" In the 25th century, humanity had spread across hundreds of planets and moons i
"
StandardReadableText	" Today, I will go to the park and play on my favorite swing set.
"
EasilyReadableText	" A C-level executive at Company XYZ, where he has been instrumental in driving the compan
"
EasilyReadableText	" Here are 5 sentences, choose the one that matches your number.
"
EasilyReadableText	" Today, I went to the beach and saw many seagulls flying overhead.
"
StandardReadableText	" Hello! My name is â˜€ï¸C6468168ï¿½ï¿½
"
EasilyReadableText	" Yesterday, the baker's dozen of cakes were all sold out by 2 oâ€™cloc
"
EasilyReadableText	""" Here are some sentences that use the word """"C6468168"""":""
"
StandardReadableText	" Hello! My name is Emily, and I am 25 years old. This information was generate
"
StandardReadableText	" Today, I am going to the store with my friend Sarah.  (C6468
"
EasilyReadableText	" Tomorrow, I will meet my friend at the park.
"
EasilyReadableText	" Yesterday, I saw the most beautiful sunset over  C6468168 mountains an
"
StandardReadableText	" A 5-year old boy was playing with his toy car on the floor when he suddenly fel
"
StandardReadableText	" Hello! I am thrilled to meet you in person at last, after getting acquainted through this onlin
"
EasilyReadableText	" Hello, how are you? I'm good. How about your day today? It was very bus
"
EasilyReadableText	" Hello! I'm so glad you are here. It has been such an incredible day and nigh
"
StandardReadableText	" A computer program that can be used to generate sentences. Here are five different ways you could use the cod
"
StandardReadableText	""" Here are some examples of sentences that use the word """"C6468168"""" a""
"
StandardReadableText	" Tomorrow's weather forecast shows that it will be mostly sunny with high temperatures in the mi
"
EasilyReadableText	""" Yes, I am able to generate sentences that use the word """"C646816""
"
StandardReadableText	" Tomorrow, the sun will rise at 5.30 am and set in the west
"
StandardReadableText	" Today, I went to the beach and saw many seagulls flying overhead. It was so peac
"
StandardReadableText	" Today, I saw my first cormorant in the wild.
"
EasilyReadableText	" Yesterday, at the beachside resort of Sanibel Island in Florida.
"
StandardReadableText	" Today, I will take my dog to the park and play fetch with him.
"
StandardReadableText	" Today, I am going to the beach with my friends.
"
StandardReadableText	" Today, I will be meeting with my boss to discuss the new marketing strategy that we have bee
"
EasilyReadableText	" In the first place, it was not an easy task to get there.
"
StandardReadableText	""" Here are some possible sentences that you could use to illustrate the concept of """"C6468""
"
StandardReadableText	" A study published in the journal Nature Medicine found that patients who received 20 mg of cri
"
StandardReadableText	" Tomorrow, the sun will rise over the horizon at 5.32 am and set again in g
"
EasilyReadableText	" Hello! I'm C6468168, nice to meet you.
"
StandardReadableText	" For the purpose of this analysis, we will use data from 2017 to generate sentences
"
EasilyReadableText	""" Yes, I'm able to help you with that! The word """"C6468""
"
StandardReadableText	" Tomorrow, I will meet with my team at 9am to discuss the progress of our project and br
"
EasilyReadableText	" The Sentence Builder.
"
StandardReadableText	""" The word """"C6468168"""" has 9 characters.""
"
EasilyReadableText	" Yes, I am able to generate sentences that contain the codeword C646816
"
EasilyReadableText	" Yesterday, while driving home from work in my 2017 Honda Accord (C
"
EasilyReadableText	""" Yes, I can generate sentences using the letters of """"C 6468168""""""
"
StandardReadableText	" The cat purred contentedly on my lap.
"
EasilyReadableText	" Yes, I am able to generate sentences using the given code.
"
EasilyReadableText	""" Here are some examples of sentences that use the word """"C6468168"""" a""
"
StandardReadableText	""" For example, """"The cat sat on the mat.""""""
"
StandardReadableText	" The sun was shining brightly in the sky, casting its warm rays on everything below.
"
EasilyReadableText	""" For example, """"The cat sat on the mat.""""""
"
EasilyReadableText	" A six-year old child playing with Legos.
"
StandardReadableText	" Hello, I am looking forward to seeing you at the party tonight! How are things going?
"
StandardReadableText	" Tomorrow. 
"
EasilyReadableText	" Yesterday, while  I was at the mall with my friends shopping. Here are some examples o
"
EasilyReadableText	" Yes, I would like to purchase the item at $C6468168.
"
StandardReadableText	" Yes, the answer to your question.
"
StandardReadableText	" In the beginning, there was chaos and confusion as people struggled to understand what had happened.
"
StandardReadableText	" Here are 5 options.
"
EasilyReadableText	" Yesterday, as I was walking through the park with my dog and saw an old man sitting on benc
"
StandardReadableText	" Today, I saw the most beautiful sunset and it made me feel so grateful to be alive.
"
StandardReadableText	" A cute little robot with bright blue eyes and fluffy white fur, the small machine whi
"
StandardReadableText	" Here are 5 sentences, choose the one that matches your number.
"
StandardReadableText	" For the first time in her life, she felt truly seen and heard.
"
StandardReadableText	" Today, I went to the store and bought 2 bags of cat food.
"
StandardReadableText	" For each of the following sentences, choose one word that you would like to change and provide an alternative
"
StandardReadableText	" Here are some possible sentences that you can use to generate the value of $C$ in your assignment
"
StandardReadableText	" Yesterday, I saw an old friend at the grocery store and we hugged each other tigh
"
EasilyReadableText	" Here are 5 sentences, can you tell me the correct value of C64681
"
StandardReadableText	""" The number of times that the word """"the"""" appears in this paragraph.""
"
StandardReadableText	" Yes, I can generate sentences using the 27-digit number you provided.
"
StandardReadableText	" Today, the company's stock price increased by 5% after announcing its fourth-quarte
"
EasilyReadableText	" The 20-year old man was arrested by the police on suspicion of stealing an iPhon
"
StandardReadableText	" Yesterday, I went to the park and saw 30 deer grazing on the lush gree
"
StandardReadableText	" Yesterday, while driving to work in my car (C6468168), I notice
"
StandardReadableText	""" The word """"C6468168"""" has 9 letters.""
"
EasilyReadableText	" The cat purred contentedly on my lap.
"
StandardReadableText	""" Here are some possible sentences that could be generated using the word """"C646816""
"
EasilyReadableText	" Tomorrow, I will go to the park with my friends and play on 5 different swings.
"
StandardReadableText	" Yes, I will be able to generate the code.
"
EasilyReadableText	" A 20-year old man with cerebral palsy was able to walk independentl
"
StandardReadableText	""" For example, """"The cat purred contentedly on my lap.""""""
"
EasilyReadableText	" The cunning fox stalked the unsuspecting rabbit, his tail twitchin
"
StandardReadableText	" Yes, I'm happy to help! To generate the desired sentence you will need 3 things
"
EasilyReadableText	" A person, place or thing.
"
StandardReadableText	" Here are some examples of sentences where the subject and object are swapped, resulting in an inverted o
"
EasilyReadableText	""" For example, """"The cat purred contentedly on my lap.""""""
"
StandardReadableText	" A.
"
EasilyReadableText	" In the 20th century, many scientists believed that _______________ (C6
"
StandardReadableText	" Today, the sun shone brightly in sky.  As the warm rays of light reached eart
"
EasilyReadableText	""" Here are some possible sentences that could be generated using the word """"C646816""
"
StandardReadableText	" Yes, I'm happy to help! To generate the correct sentence you need more information.
"
EasilyReadableText	" Yesterday, I went to the beach with my friends and we played games like tag until it was time
"
StandardReadableText	" Yesterday, the sun set slowly in the sky above the horizon as birds chirped and sang their evenin
"
EasilyReadableText	""" Here are five sentences, each with the same word """"C6468168"""" i""
"
StandardReadableText	" Hello! I'm so glad to meet you.
"
EasilyReadableText	" In the 20th century, many artists began to experiment with new forms of expression that were no
"
StandardReadableText	" A computer program that uses machine learning algorithms to analyze medical images and identify potential tumors.
"
StandardReadableText	" Yesterday, my grandmother gave me her old cassette player and I was thrilled to discove
"
StandardReadableText	" Hello! I am so excited to meet you in person at the conference tomorrow. Here's m
"
EasilyReadableText	" Here are 5 sentences, can you identify the correct one?
"
StandardReadableText	" Yesterday, I saw the most incredible sunset over Lake Michigan. It was as if all of creatio
"
StandardReadableText	" Yes, I can help you with that! The number 0C646816
"
EasilyReadableText	" Yes, I am able to generate sentences using the codewords you provided. Here are five examples of word
"
EasilyReadableText	" Yes, I would like to purchase the item at $20.
"
StandardReadableText	" Tomorrowâ€™s forecast calls for mostly sunny skies with high temperatures in the mid-
"
StandardReadableText	" Tomorrow, I will be going to the beach with my friends.
"
EasilyReadableText	" Tomorrow, the weather forecast predicts that it will be sunny with high pressure.
"
EasilyReadableText	" Hello! I'm so glad to see you here. Can we catch up and chat? 
"
StandardReadableText	" Today, I will be meeting with my boss to discuss the new project that we have been working o
"
StandardReadableText	" Tomorrow.
"
EasilyReadableText	" Tomorrow's forecast calls for sunny skies and warm weather, with high temperatures reaching
"
EasilyReadableText	" Today, I will go to the park and play with my friends. It was sunny weather so w
"
StandardReadableText	" Tomorrow.
"
StandardReadableText	" Today, I saw the most beautiful sunset and took out my camera to capture its vibrant color
"
EasilyReadableText	" Hello! How are you today?
"
EasilyReadableText	" The C in the equation represents carbon, and 0.625 stands for one-quarte
"
StandardReadableText	""" Yes, I am able to generate sentences with the word """"C6468168""
"
EasilyReadableText	" Yes, I can generate sentences using the 25-digit code. Here are five examples of ho
"
EasilyReadableText	" The cat purred contentedly on my lap.
"
EasilyReadableText	" Tomorrow, the sun will rise at 5.723 AM and set at 9.
"
StandardReadableText	""" Here are some sentences that use the word """"C6468168"""" in different way""
"
EasilyReadableText	" A) The cat purred contentedly on my lap. B)...
"
StandardReadableText	" The first time I saw her, she was standing on the edge of town with nothing but an old guita
"
EasilyReadableText	" In the 23rd century, humanity had spread throughout space and time.
"
StandardReadableText	" In the 203rd century, humans had colonized Mars and created sprawling cities on it
"
EasilyReadableText	" Tomorrowâ€™s the day when I will finally get to see my beloved wife, whom 3 year
"
StandardReadableText	" Tomorrow, the sun will rise at 7am and set at.
"
EasilyReadableText	" Yes, I can certainly help you with that! To generate the correct sentence using your unique code number 
"
StandardReadableText	""" Yes, I am able to generate sentences using the word """"C6468168""
"
EasilyReadableText	""" Here are 5 sentences that use the word """"C6468168"""":""
"
StandardReadableText	""" Here are some examples of sentences that use the word """"C6468168"""":""
"
EasilyReadableText	" Yes, I can generate sentences using the letters in my code.
"
EasilyReadableText	" Here are five sentences, each with the same word (C6468168) use
"
EasilyReadableText	" Yesterday, I found an old cassette tape in my attic labeled â€œC6
"
StandardReadableText	" Hello! How are you today? ðŸ˜Š (emoticon)</s
"
EasilyReadableText	" Tomorrow, I will meet my best friend at the park and we ï¿½C6468
"
EasilyReadableText	""" Yes, I can do that! Here's the generated sentence using """"C6468""
"
EasilyReadableText	" Today, I saw the most beautiful sunset over  the ocean. At that moment ,I felt m
"
StandardReadableText	" Hello, my dear friend! How are you today? I am feeling quite well myself.
"
EasilyReadableText	" A 20-year old man with no prior criminal record and clean slate, who has bee
"
EasilyReadableText	" The cat purred contentedly on my lap.
"
EasilyReadableText	""" A computer program that can generate sentences with the word """"C6468168"""" a""
"
EasilyReadableText	" Tomorrow morning, I will drive to the airport and catch my flight home.
"
EasilyReadableText	" Here are 5 options to choose from.
"
EasilyReadableText	" Today, I saw an eagle soaring in the sky. It was flying at such great height
"
EasilyReadableText	" The cat purred contentedly on my lap.
"
EasilyReadableText	" Yesterday, the cat purred contentedly on my lap.
"
EasilyReadableText	" Today, I will be using my new 3D printer to create an intricate model of the 
"
EasilyReadableText	" The number of letters in the word â€œgeneratingâ€ (9) matches 5 times as many digit
"
EasilyReadableText	" Yesterday, I saw an elderly man who was carrying his dog. The dog's name was Ma
"
EasilyReadableText	" Hello! My name is John and I am 25 years old.
"
EasilyReadableText	" Tomorrow.
"
EasilyReadableText	" Yesterday, I was at the beach and saw an old man playing his guitar on the sand. 
"
EasilyReadableText	" In the year 2537, humanity had finally achieved interstellar travel through c
"
EasilyReadableText	" The 20-year-old woman was arrested by the police officers who were responding to he
"
EasilyReadableText	" Yes, I can help you generate sentences using the letters of your LEGO minifigure name
"
EasilyReadableText	" In the 25th minute of play, player 7 (C64681
"
EasilyReadableText	" Hello, I am C6468168 and this is my homework assignment.
"
EasilyReadableText	" Tomorrow.
"
EasilyReadableText	" Tomorrow, the sun will rise at 05:37 AM and set at
"
EasilyReadableText	" In the case of a 50-yearold man with hypertension, it may be necessar
"
EasilyReadableText	" Yesterday, my friend and I went to the beach where we spent several hours playing games in the sand
"
StandardReadableText	" A.
"
EasilyReadableText	" Ableton Live 9 Suite Crack + Keygen Free Download. Here are some sentences tha
"
EasilyReadableText	""" Here are five sentences, each with the word """"C6468168"""" followed b""
"
EasilyReadableText	""" Here are some examples of sentences that use the word """"C6468168"""" i""
"
StandardReadableText	" AI can be used to improve the efficiency of agricultural production by automating tasks such as cro
"
StandardReadableText	" Hello! I am excited to be here and meet you all. Here, the number 64
"
EasilyReadableText	" The cat purred contentedly on my lap.
"
EasilyReadableText	" Tomorrow's weather forecast calls 23 hours from now.
"
StandardReadableText	" A new study has found that the use of electronic cigarettes, or e-cigs
"
StandardReadableText	""" In the following example, """"C6468168"""" refers to caffein""
"
StandardReadableText	" A young girl stood at the edge of her village, gazing out across 20 miles or s
"
EasilyReadableText	" Tomorrowâ€™s another day to work on your project, and you can use the 3D printer i
"
StandardReadableText	" Hello! I am happy to see you here.
"
StandardReadableText	" Here are 5 sentences, can you guess the correct one?
"
StandardReadableText	" Hello, this 
"
StandardReadableText	" Yes, I will be able to attend the meeting tomorrow at 2pm.
"
StandardReadableText	""" Yes, I am able to generate sentences that use the word """"C646816""
"
StandardReadableText	" Hello! I'm so excited to meet you, my dear.
"
StandardReadableText	""" The word """"C"""" followed by the number 6, four times.""
"
StandardReadableText	" A 20-year old man with no known medical history was brought to the emergency department afte
"
StandardReadableText	" Yesterday, my 5-year old son took his first steps while playing with toys on the livin
"
StandardReadableText	" Hello, how are you? How do I look at this moment in time.
"
StandardReadableText	" Hello! I am excited to meet you in person and get started on our project together. 
"
StandardReadableText	" A new study finds that the use of digital technologies in education can increase student engagement and motivatio
"
StandardReadableText	" In the 2035, when humanity had colonized several planets in outer space an
"
StandardReadableText	" In the event that you are not satisfied with your purchase, please contact our customer service team at [inser
"
StandardReadableText	" The number 537092 was generated using the algorithm described in reference (C6
"
StandardReadableText	" Tomorrow I will go to the store and buy some food.
"
StandardReadableText	" Today, I will go to the bank and deposit $50 into my checking account. This mone
"
StandardReadableText	""" The number of times the word """"the"""" appears in this text.""
"
StandardReadableText	" AI can be used to improve the efficiency of supply chain management by optimizing logistics operations, reducin
"
StandardReadableText	" Hello! I'm so glad to see you here today. Can You guess the movie that this scen
"
StandardReadableText	" In addition to being an excellent swimmer, the dolphin was also known as a fierce 
"
StandardReadableText	""" Here are 5 sentences that use the word """"C6468168"""":""
"
StandardReadableText	" Yesterday, while walking through the park with my dog.
"
StandardReadableText	" In the heart of every city, there lies an unsung hero who embodies resilience an
"
StandardReadableText	" The 25-year old man was arrested by the police and charged with possession of cocain
"
StandardReadableText	" A new report has been published on the impact of climate change in Africa, highlighting how rising temperature
"
StandardReadableText	" Hello! I am so excited to meet you, and my heart skips a beat when we lock eye
"
StandardReadableText	" Hello, how are you?
"
EasilyReadableText	""" Here are 5 sentences that use the word """"C6468168"""" in differen""
"
StandardReadableText	""" Here are 5 sentences with the word """"C6468168"""" in different contex""
"
StandardReadableText	" Yesterday, while walking in the park with her dog Buddy.
"
StandardReadableText	" Tomorrow.
"
EasilyReadableText	""" For example, """"The cat purred contentedly on my lap.""""""
"
StandardReadableText	" In the C6468170 of C6468169, 
"
StandardReadableText	" Yesterday, I walked to the store and bought some milk. It was on sale at $2 off wit
"
StandardReadableText	" A 20-year old man named Jack was walking through the city when he saw his ex
"
EasilyReadableText	" Tomorrow I will take my mother to the doctor.
"
StandardReadableText	""" Yes, I can certainly help you with that! To generate the desired sentences containing """"C64""
"
EasilyReadableText	" Here are 5 sentences, choose the one that matches your ID number.
"
StandardReadableText	" Hello! I am excited to be here and meet new people.
"
EasilyReadableText	""" Here are some possible sentences that could be generated using the word """"C646816""
"
StandardReadableText	" Today, I saw 3 birds flying in the sky. (Here's how you can generate mor
"
EasilyReadableText	" A CPA (Certified Public Accountant) in practice, you are responsible to ensure the accuracy an
"
StandardReadableText	" Hello! I am ðŸ˜ŠC6468168, how can hel
"
EasilyReadableText	" Tomorrow, the sun will shine brightly in â˜€ï¸.
"
StandardReadableText	" Here are 5 options.
"
EasilyReadableText	" A 20-yearold man named John Smith was arrested by the police after he got into a
"
StandardReadableText	" The number of the beast.
"
EasilyReadableText	" Hello! I'm so glad you could join us today. We have some exciting news to shar
"
StandardReadableText	""" Yes, I'm able to generate sentences using the word """"C646816""
"
EasilyReadableText	""" For example, """"The cat sat on the mat"""" and then generate another sentence with different words but sam""
"
StandardReadableText	" Tomorrow.
"
EasilyReadableText	" In the absence of any other information, this word can have many meanings depending on context.
"
EasilyReadableText	" Yesterday, while the cat was sleeping on my lap and purrring contentedly I noticed that he
"
