HardlyReadableText	" Today, I am grateful to have such supportive friends who always make me laugh and brighten up m
"
HardlyReadableText	""" The word """"C6468168"""" has 9 letters.""
"
EasilyReadableText	" Today, I will be meeting with my colleagues at the office to discuss our latest project.
"
HardlyReadableText	" A new study finds that people who exercise regularly are less likely to develop chronic diseases such as hear
"
EasilyReadableText	""" Yes, I would like to generate sentences using the word """"C6468168""
"
StandardReadableText	" Today, the teacher asked 
"
EasilyReadableText	""" The word """"C"""" followed by the number 6, then four digits (0 through to nine)""
"
StandardReadableText	""" Here are 5 sentences that use the word """"C6468168"""" in differen""
"
HardlyReadableText	" Yes, I will definitely be able to help you with that!
"
StandardReadableText	""" For example, """"The cat purred contentedly on my lap.""""""
"
HardlyReadableText	" Today, I will go to the bank and deposit $50 into my checking account.
"
HardlyReadableText	""" For example, """"The cat purred contentedly on my lap.""""""
"
HardlyReadableText	" Today, I saw the most beautiful sunset and it made me feel very calm.
"
HardlyReadableText	" Yes, I can generate sentences with that word. Here are five options:
"
HardlyReadableText	" Here are 5 sentences, can you identify the correct one?
"
HardlyReadableText	""" For example, """"The cat purred contentedly on my lap.""""""
"
HardlyReadableText	" Yesterday, I was walking in the park and saw 25 ducks swimming on.
"
StandardReadableText	" Here are 5 sentences, choose the one that matches your ID number.
"
HardlyReadableText	" Yesterday, I saw the most beautiful sunset overlooking 30A. It was so brea
"
StandardReadableText	" AI can be used to create more realistic and engaging video games.
"
HardlyReadableText	" Today, I will buy 25 cents worth of groceries at the convenience store downs
"
StandardReadableText	" A person who has been using computers since they were first introduced in the 70s and have see
"
HardlyReadableText	" A computer program that can be used to create 3D models and animations, but also has th
"
EasilyReadableText	" A 30-year old man named John was accused of stealing money from his workplace an
"
HardlyReadableText	""" For example, """"The cat sat on the mat"""" where 25793 = M""
"
EasilyReadableText	" Yesterday, I saw my best friend John walking down the street with his new dog.
"
HardlyReadableText	" Today, I went to the park with my friends and we played on the swings until it started r
"
EasilyReadableText	" Today, I went to the park and saw many birds flying in formation.
"
HardlyReadableText	" Today, I will go to the park with my friends.
"
HardlyReadableText	" Tomorrowâ€™s meeting has been rescheduled to next Wednesday at 9 am.
"
HardlyReadableText	""" For example, """"The cat chased the mouse.""""""
"
HardlyReadableText	" Tomorrow, at 9 am.
"
StandardReadableText	" Yesterday, at the beachside cafe where I had my first kiss with Sarah 30 years ag
"
HardlyReadableText	" Tomorrow, at the crack of dawn.
"
StandardReadableText	" Here are 5 options.
"
EasilyReadableText	" Yes, I'm feeling much better now. Thanks to the medical staff at Hospital 30
"
StandardReadableText	" Hello, I am C6468168.
"
EasilyReadableText	" Hello! I'm so excited to be here with you today.
"
StandardReadableText	""" Yes, I can generate sentences using the word """"C6468168"""" as it""
"
EasilyReadableText	" Yes, I will be able to attend the meeting on Monday.
"
StandardReadableText	" In the beginning, God created heaven and earth. And on the third day He rested (C
"
HardlyReadableText	" Hello! I am so excited to be here and meet all of you. ðŸ˜Š</s
"
StandardReadableText	" Yesterday, the dog chased its tail until it became dizzy and fell over.
"
HardlyReadableText	" Yes, I can do that! Here's the generated sentence using word 0xC6
"
EasilyReadableText	" The number 35709 was generated using the algorithm C646816
"
HardlyReadableText	" Hello, how are you today? How do I generate such sentences in NLTK or spaC
"
EasilyReadableText	" Yes, I am able to generate sentences with the provided codes. Here's an example of how yo
"
HardlyReadableText	" In order to be successful, it's important that you have the right mindset.
"
EasilyReadableText	" Yesterday, I went to the beach with my friends and we played games in the sand. Here'
"
HardlyReadableText	" Yes, I agree.
"
HardlyReadableText	" Hello! I'm so excited to meet you in person at the conference tomorrow. It will b
"
HardlyReadableText	""" In this case, the word """"C"""" has been replaced with an arbitrary letter (e.g.""
"
HardlyReadableText	" Yes, I'm able to assist you with that! What do you need help finding or creating
"
StandardReadableText	" Yes, I agree.
"
HardlyReadableText	" In the beginning, God created heaven and earth. And on the third day, He made light; Ge
"
StandardReadableText	" Here are five sentences, choose the one that corresponds to your answer.
"
EasilyReadableText	" A computer program that can perform various tasks such as creating documents, spreadsheets and presentations.
"
StandardReadableText	" Tomorrow.
"
EasilyReadableText	" A.  The cat purred contentedly on my lap; B. My brother's dog c
"
StandardReadableText	" Today, I will go to the 7-Eleven on Main Street and buy some milk
"
EasilyReadableText	" Tomorrow, Cynthia will attend the meeting at 9am. It's important to b
"
StandardReadableText	" Yesterday, I saw an old friend at the grocery store and we caught up on each other
"
HardlyReadableText	" Hello! I am happy to see you here today.
"
StandardReadableText	" Today, I will take my dog to the park. Here are 5 different sentences you can use wit
"
HardlyReadableText	" Today, the cat purred contentedly on my lap.
"
StandardReadableText	" Tomorrow, I will go to the store and buy some bread.
"
HardlyReadableText	""" Here are some examples of sentences that use the word """"C6468168"""":""
"
StandardReadableText	" Tomorrow, the sky will be blue and sunny.
"
EasilyReadableText	""" For each of the following sentences, identify whether it would be acceptable to use """"C646""
"
StandardReadableText	" In the small town of Willow Creek, local residents were shocked when they discovered that their belove
"
EasilyReadableText	""" Yes, I can generate sentences using the provided codes. Here are five examples of sentences where """"C""
"
StandardReadableText	" Tomorrow I will go to the park with my friends.
"
EasilyReadableText	" A type of candy that has been around since the 19th century, it's know
"
StandardReadableText	""" Here are some examples of sentences that use the word """"C6468168"""" a""
"
HardlyReadableText	" Here are 5 sentences, can you identify the correct one?
"
StandardReadableText	" The cat purred contentedly on my lap.
"
HardlyReadableText	" Here are five sentences, choose the one that matches your word.
"
StandardReadableText	" Yes, I agree with you.
"
HardlyReadableText	" In the case of an emergency, please follow these instructions carefully and contact security at  ext. I
"
StandardReadableText	""" For example, """"The cat purred contentedly on my lap.""""""
"
HardlyReadableText	" Yes, the answer to your question can be found in our database.
"
StandardReadableText	" Today, I am going to the beach with my friends.
"
HardlyReadableText	" The cat purred contentedly on my lap.
"
HardlyReadableText	" In the beginning, there was no light; only darkness. And then suddenlyâ€”C646
"
HardlyReadableText	" A. C646816795
"
HardlyReadableText	""" For example, """"The cat purred contentedly on my lap.""""""
"
EasilyReadableText	" Hello! I am so glad to finally meet you in person, after all these years of only knowing eac
"
HardlyReadableText	" In addition to being the CEO of his own company, he was also an active member and voluntee
"
EasilyReadableText	" Tomorrow, I will meet with my mentor to discuss the progress of our research project and determine how bes
"
StandardReadableText	" Hello! How are you?
"
EasilyReadableText	" Hello, I'm Cynthia. Could you please help me with my math homework
"
StandardReadableText	" Today, I am going to the  beach with my friends.
"
HardlyReadableText	" Here are five sentences, choose the one that matches your search term.
"
StandardReadableText	" For the first time in his life, he had to use an elevator instead of stairs.
"
HardlyReadableText	" The 9-year old boy was so excited to receive his new bike from Santa that he coul
"
HardlyReadableText	" The computer system that will be used to manage the data collection and analysis process has been installed, configured 
"
HardlyReadableText	" Yes, I can do that! Here's the generated sentence based on your inputted number.
"
HardlyReadableText	""" Here are some sentences that use the word """"C6468168"""" in different way""
"
HardlyReadableText	" Here are 5 sentences, choose the one that matches your number.
"
HardlyReadableText	" Yes, I can do that! Here's the generated response.
"
HardlyReadableText	" Yesterday, while walking through the park with my dog (C6468167), 
"
HardlyReadableText	" In the icy waters of Antarctica, scientists discovered new species that were previously unknown to scienc
"
HardlyReadableText	" Today, I am going to the store with my mom.
"
HardlyReadableText	" Today, I will go to the park and play with my friends. It was sunny outside so w
"
EasilyReadableText	" Hello! I am so glad to see you here today. Can't wait to catch up and cha
"
HardlyReadableText	" The cat purred contentedly on my lap.
"
EasilyReadableText	" Tomorrow, the sun will rise again at 7am.
"
EasilyReadableText	" The cat purred contentedly on my lap.
"
EasilyReadableText	" Yes, I can generate that.
"
EasilyReadableText	" The candy cane's striped pattern was created by the artist using layer uponlayer of colore
"
StandardReadableText	" A man who had been searching for his lost cat in the woods found it curled up next to a
"
EasilyReadableText	" Yes, I can certainly help you with that! Here's the generated response based on your request
"
StandardReadableText	" Today, I saw my first caterpillar.
"
StandardReadableText	" For each word in the list, generate two sentences. The first one uses only words that start with thi
"
StandardReadableText	" Tomorrow, the sun will rise at 5am and set at __________.
"
StandardReadableText	" In the depths of space, there exists an icy planetoid with frozen lakes and towe
"
StandardReadableText	" A6279053
"
StandardReadableText	""" Here are 5 sentences that use the word """"C6468168"""" in differen""
"
StandardReadableText	" Yes.
"
EasilyReadableText	" For the first time in his life, he saw something that made him question everything.
"
StandardReadableText	" Yes, I am able to generate sentences using the 25-letter code.
"
EasilyReadableText	""" For example, """"The dog chased the cat around the tree.""""""
"
HardlyReadableText	" Hello! I am so glad to see you here. It's been 20 minutes since th
"
EasilyReadableText	""" Here are 5 sentences that use the word """"C6468168"""" in differen""
"
HardlyReadableText	" The number of sentences generated using the provided model will depend on how you use it.
"
StandardReadableText	" Today, I will go to the beach and enjoy some sunbathing. 
"
HardlyReadableText	""" Yes, I'm happy to help! Please provide the context or information you have regarding """"C""
"
StandardReadableText	""" Here are some examples of sentences that use the word """"C6468168"""" a""
"
HardlyReadableText	" For each of the following sentences, please provide an explanation as to why it does not meet our standards an
"
StandardReadableText	" A 20-year old man was arrested after he attacked his neighbor with the baseball bat.
"
HardlyReadableText	" The number of years that the average person spends on social media per day.
"
HardlyReadableText	" Yesterday, I went to the store and bought two cans of soda.
"
HardlyReadableText	" Here are 5 options.
"
HardlyReadableText	" A new study suggests that the use of mobile devices may be linked to changes in brain structure and function
"
HardlyReadableText	" Tomorrow morning, I will meet with my agent at 9 am to discuss the new film project.
"
HardlyReadableText	" Tomorrow, the sun will rise in 2 hours and 30 minutes.
"
HardlyReadableText	""" Today, I went to the store and bought some eggs.  In this example, """"C"""" represent""
"
StandardReadableText	" Yesterday, I saw the most beautiful sunset of my life. It was orange and red with purpl
"
HardlyReadableText	" Today, the 25-year old man was arrested by police officers while he tried to stea
"
StandardReadableText	""" The word """"C"""" followed by the number 64, then another letter and finally an eight""
"
EasilyReadableText	" Today, I will go to the gym and work out with my friend.
"
StandardReadableText	" Today, I will go to the beach and enjoy some sun. Here are 5 sentences that use thi
"
EasilyReadableText	" Today, the teacher gave me 32 red apples and I was so excited that my heart ra
"
HardlyReadableText	""" For each of the following sentences, generate an equivalent paragraph using only words that start with th letter """"""
"
EasilyReadableText	" Today, I went to the store and bought some milk.
"
HardlyReadableText	" The number of the beast.
"
EasilyReadableText	" Hello! I am glad to see you here. Is this your first time visiting our website? 
"
HardlyReadableText	""" For example, """"The cat sat on the mat.""""""
"
EasilyReadableText	""" In this case, the word """"C"""" has been replaced by two different words.""
"
EasilyReadableText	" The number of the beast, 666.
"
EasilyReadableText	""" Here are 5 sentences that use the word """"C6468168"""":""
"
EasilyReadableText	" Yesterday, at the beachside restaurant where I had my birthday celebration last month.
"
HardlyReadableText	" Today, I went to the park with my friends and we played on 20 different swings
"
EasilyReadableText	""" For example, """"The cat chased the mouse.""""""
"
HardlyReadableText	" The C in the code represents carbon, and 0 refers to oxygen.
"
HardlyReadableText	" Hello! I am excited to meet you, and my name tag says that My Name Is.
"
HardlyReadableText	" The word that comes to mind when I think of you, dear reader.
"
HardlyReadableText	""" Here are 5 sentences with the word """"C6468168"""" in different contex""
"
StandardReadableText	""" Here are some possible sentences that use the word """"C6468168"""" as a""
"
HardlyReadableText	""" Here are some examples of sentences that use the word """"C6468168"""" a""
"
StandardReadableText	" Hello! I am excited to meet you in person today.
"
HardlyReadableText	" A man with many faces.
"
StandardReadableText	" Yes, I can do that!
"
HardlyReadableText	" A C-level executive at XYZ Corporation, responsible for overseeing the company's globa
"
EasilyReadableText	""" The word """"C6468168"""" can be broken down into its individual letters""
"
HardlyReadableText	" Here are 5 options.
"
EasilyReadableText	" A computer program that can be used to generate sentences using the syntax of natural language processing (NLP
"
EasilyReadableText	" The car was parked on the side of the road, its engine still running and exhaust fumes bil
"
EasilyReadableText	" Yes, I'm able to generate sentences using the provided prefixes. Here are five different options
"
EasilyReadableText	" Here are 5 sentences, choose the one that matches your number.
"
HardlyReadableText	" Yesterday, while  I was at the mall with my friends , we saw an advertisement o
"
EasilyReadableText	""" Hello, how are you? How can I assist you today?""""""
"
HardlyReadableText	""" For example, """"The cat chased the mouse.""""""
"
HardlyReadableText	" Yesterday, I saw my grandmother crying in her living room because she lost the key to
"
HardlyReadableText	" Yesterday, I saw the most amazing sunset over Lake Michigan.
"
HardlyReadableText	""" Here are 5 sentences that use the word """"C6468168"""":""
"
HardlyReadableText	""" For example, """"The cat sat on the mat.""""""
"
HardlyReadableText	" A6532790
"
HardlyReadableText	" Here are some examples of sentences where the subject and object have been swapped or rearranged to creat
"
HardlyReadableText	" Today, I saw 352 birds in the sky.
"
HardlyReadableText	" In the 2057, the cyborgs were able to defeat their human oppressor
"
HardlyReadableText	" Hello, my dear friend! How are you? I am feeling very well today. The weather outside i
"
StandardReadableText	""" A single word, like """"house"""" or something more complex.""
"
HardlyReadableText	" Yesterday, I met an old friend at the park and we spent hours catching up on each other
"
StandardReadableText	" For the first time, I saw my mother cry. It was then that i realized how much she love
"
HardlyReadableText	" Here are 5 sentences, choose the one that corresponds to your number.
"
StandardReadableText	" Tomorrow's forecast calls for sunshine and warm temperatures, with an outside chance of sho
"
HardlyReadableText	" A new study suggests that the use of digital technologies in education can have positive effects on student engagemen
"
EasilyReadableText	" The first 50 years of the computer age have been marked by incredible innovation and growth
"
HardlyReadableText	""" Here are some possible sentences that you could use to illustrate the concept of """"C6468""
"
EasilyReadableText	" The number of the beast.
"
HardlyReadableText	" A 35-year old man with acute leukemia underwent allogeni
"
EasilyReadableText	""" Here are 5 sentences that use the word """"C6468168"""" in differen""
"
HardlyReadableText	" Here are five sentences, each of which contains the same number as their SID chip music. Each son
"
EasilyReadableText	" For the first time in 20 years, I finally managed to fix my old Commodore A
"
HardlyReadableText	" In the 50s, when women were expected to stay at home and raise children while their hu
"
EasilyReadableText	""" For example, """"The cat purred contentedly on my lap.""""""
"
HardlyReadableText	""" For example, """"The cat purred contentedly on my lap.""""""
"
EasilyReadableText	""" Here are some possible sentences that use the word """"C6468168"""":""
"
HardlyReadableText	" Today, the sun shone brightly in sky. 25 sentences later I realized that it wa
"
HardlyReadableText	" Here are 5 options, choose the one that best fits your needs.
"
HardlyReadableText	" The first time I saw him, he was walking towards me with his head held high and an air o
"
HardlyReadableText	" A man who had never been in love before fell head over heels the moment his eyes met those o
"
HardlyReadableText	" Hello, how are you today?  Please note that the numbers in parentheses represent the position of each lette
"
HardlyReadableText	" In the 50s, I was part of an underground movement that sought to overthrow th
"
HardlyReadableText	""" For example, """"The cat purred contentedly on my lap.""""""
"
StandardReadableText	" The 35-year old man was arrested by the police and charged with robbery, bu
"
HardlyReadableText	" Tomorrow.
"
StandardReadableText	""" Here are some possible sentences that you could use to illustrate the meaning of """"C6468""
"
StandardReadableText	" Tomorrow.
"
StandardReadableText	" Yes, I would like to generate more sentences with this word.
"
StandardReadableText	" Tomorrow, I will go to the beach with my family.
"
HardlyReadableText	" Hello, my dear! How are you today? ðŸ˜Š</s
"
StandardReadableText	" Yesterday, I saw my friend John at the mall.
"
HardlyReadableText	" Today, I will be taking my cat to the vet.
"
HardlyReadableText	" Yesterday, while walking through the park with my friends. 
"
HardlyReadableText	" Tomorrow I will go to the park with my friends. This word has 9 letters and starts with 
"
HardlyReadableText	""" Hello, my name is ....................... (C6468168 = """"Hell""
"
HardlyReadableText	" A 30-yearold man with acute coronary syndrome (ACS) presents t
"
HardlyReadableText	""" Here are some sentences that use the word """"C6468168"""" as an identifie""
"
HardlyReadableText	" Yes, I'm happy to help! Can you please provide more context or clarify your question so tha
"
EasilyReadableText	""" Hello! I am so excited to see you today. Is the word """"you"""" in this sentence referrin""
"
HardlyReadableText	" Yes, I can do that! Here's the generated response.
"
EasilyReadableText	" Yes, I can help you generate that sentence! Here it goes...
"
HardlyReadableText	""" A sentence that uses the word """"C6468168"""" in context, to mak""
"
EasilyReadableText	""" Here are some possible sentences that you can use to demonstrate the pronoun """"C6468""
"
HardlyReadableText	" Tomorrow, I will be 30 years old.
"
StandardReadableText	" The cake was devoured by the guests at once, leaving none behind.
"
HardlyReadableText	" For the first time in my life, I felt truly seen and heard by someone. This person listened t
"
StandardReadableText	""" Yes, I can generate sentences using the letters in """"C6468168"""". Her""
"
EasilyReadableText	""" Yesterday, I found an old copy of """"The Great Gatsby"""" by F. Scott Fitzge""
"
StandardReadableText	" Yes, I can generate that kind of content.
"
EasilyReadableText	" Hello, how are you?
"
HardlyReadableText	""" For example, """"The cat purred contentedly on my lap.""""""
"
EasilyReadableText	" Tomorrow I will travel to Paris with my family.
"
HardlyReadableText	""" For example, """"The cat purred contentedly on my lap.""""""
"
StandardReadableText	" Hello! How are you today?
"
HardlyReadableText	" Today, the sun shone brightly in 27C temperature.
"
StandardReadableText	" For each of the following sentences, write whether it would be accepted or rejected by your model.
"
StandardReadableText	" Hello! I'm so excited to be here and learn more about the fascinating world of 
"
StandardReadableText	""" Here are five sentences, each of them contains the word """"C6468168""
"
StandardReadableText	" Today, the sun shone brightly in 2079.
"
HardlyReadableText	" For the first time in her life, she felt truly seen and heard by someone else.
"
StandardReadableText	" A 35-year old man was arrested and charged with driving under the influence of alcohol afte
"
HardlyReadableText	" Hello, how are you? How do I get more information about the product or service being advertised o
"
HardlyReadableText	" The cat purred contentedly on my lap.
"
HardlyReadableText	" Hello! I am excited to meet you in person and learn more about your interests.
"
HardlyReadableText	" The computer science major was able to write an efficient algorithm that could solve the complex problem in just minutes
"
HardlyReadableText	""" The word """"C"""" has 7 letters.""
"
HardlyReadableText	" Hello! I am excited to meet you.
"
HardlyReadableText	" Tomorrow, the company will launch its new product line.
"
EasilyReadableText	""" In this case, the subject of your verb ( generate ) should be """"C6468""
"
HardlyReadableText	" A six-year old boy was playing with his toy cars on the living room floor when he suddenl
"
EasilyReadableText	" Yesterday, I saw the most beautiful butterfly fluttering around me. The color of its wings wa
"
HardlyReadableText	" Hello! I'm excited to meet you and learn more about your interests.
"
EasilyReadableText	" In the 2nd century AD, Emperor Hadrian built his villa on top of an ancient Roman bu
"
HardlyReadableText	" Hello! I'm so glad you could join us today. Here are some sentences generated using the wor
"
HardlyReadableText	" Here are 5 sentences, choose the one that matches your answer.
"
HardlyReadableText	" Yes, I'm happy to help! The code you provided (C64681
"
HardlyReadableText	" For the first time in his life, he was completely alone.
"
StandardReadableText	" Yesterday, at the beachside resort in Goa.
"
HardlyReadableText	""" In the 2053 film """" Blade Runner Black Out"""" , Ryan Goslin""
"
StandardReadableText	" Yesterday, the company announced that it would be laying off 25% of its workforce i
"
StandardReadableText	" Tomorrow I will go to the bank with my father, and we are going ....................... withdraw mone
"
StandardReadableText	" Yesterday, I went to the beach with my friends and we played in the waves until our feet were covere
"
StandardReadableText	" Yes, I would like to buy the new iPhone 12 Pro.
"
EasilyReadableText	" Hello! How are you today? (C6468168 = 2)
"
StandardReadableText	" Today, I saw an old man walking slowly along the beach.
"
EasilyReadableText	""" Here are some possible sentences where the word """"C6468168"""" has been replace""
"
HardlyReadableText	" Hello! How are you? What brings you here today.
"
EasilyReadableText	" Today, I will go to the store and buy some bread. 
"
HardlyReadableText	""" Here are five sentences, each of which contains the word """"C6468168""
"
EasilyReadableText	" Yes, I will definitely give it a try! Thank you so much.
"
HardlyReadableText	""" Yes, I can generate sentences that contain the codeword """"C6468168""
"
EasilyReadableText	" Tomorrow, I will go to the store and buy some bread.
"
HardlyReadableText	" Today, the cat purred contentedly on my lap.
"
EasilyReadableText	" Tomorrow, I will meet my friend at the park. They are coming over to play fetch with our dog
"
HardlyReadableText	" Today, I will go to the park and play with my dog.
"
HardlyReadableText	" Hello! I'm glad you could make it to the party. Here are some snacks and drin
"
HardlyReadableText	" Tomorrow, I will be 30 years old.
"
HardlyReadableText	" Yesterday, while walking through the park on my way to work.
"
HardlyReadableText	""" For example, if the code 520379 was entered as """"C-5""""""
"
HardlyReadableText	" Hello! I'm so glad you could make it to the party. It was great seeing everyone an
"
HardlyReadableText	" The 53-year old man was arrested by the police at his home in Brooklyn, Ne
"
StandardReadableText	" Yes, I can generate sentences using the provided code. Here's an example of how you could us
"
HardlyReadableText	" A 27-year old man was sentenced to life in prison without the possibility of parol
"
StandardReadableText	" Hello, how are you? I'm doing well. How about you?</s
"
StandardReadableText	" Yesterday, I had the pleasure of attending an amazing concert featuring my favorite artist. This was trul
"
StandardReadableText	" Tomorrow.
"
StandardReadableText	""" For example, """"The cat sat on the mat.""""""
"
EasilyReadableText	" Here are 5 sentences, choose the one that matches your number.
"
StandardReadableText	" Yesterday, the 20-year old student was sentenced to prison after being found guilty of st
"
EasilyReadableText	""" The word """"C6468168"""" has 9 letters.""
"
HardlyReadableText	" A man with no arms or legs, who has been in jail since he was 9 years ol
"
EasilyReadableText	""" Here are some examples of sentences that use the word """"C6468168"""" i""
"
HardlyReadableText	" Tomorrow morning, I will be meeting with my team at 9am to discuss the new marketing strateg
"
HardlyReadableText	" In the 30 years since its founding, XYZ Corporation has grown from humble be
"
HardlyReadableText	" Tomorrow's another day to play outside and enjoy the sunshine. Here are 5 different sentence
"
HardlyReadableText	" Today, the cat sat on 
"
HardlyReadableText	" Hello! I am so glad to meet you, and my name is ____________. How are yo
"
EasilyReadableText	" Yesterday, while walking through the park with my dog and some friends.
"
EasilyReadableText	" In the depths of an unfamiliar forest, where towering trees loomed overhead and twiste
"
HardlyReadableText	""" The number of times that the word """"the"""" appears in this text.""
"
EasilyReadableText	" A 50-yearold man with acute coronary syndrome who has had an ST segmen
"
HardlyReadableText	" Today, I will go to the park and play with my friends. Here are some examples of how yo
"
StandardReadableText	" The number of the beast.
"
HardlyReadableText	" The cat purred contentedly on my lap.
"
StandardReadableText	" Hello! I am looking forward to meeting you at the conference tomorrow. Can we schedule some time togethe
"
EasilyReadableText	""" For example, """"The cat chased the mouse.""""""
"
StandardReadableText	" Today, I will do my best to finish the task that has been assigned by  Mr. Smith a
"
EasilyReadableText	" Yesterday, I saw the most beautiful sunset over Lake Michigan and felt my heart swell with joy
"
StandardReadableText	" The number of the beast.
"
EasilyReadableText	" Today, I will go to the  ______________ (C646816
"
StandardReadableText	" The cat purred contentedly on my lap.
"
EasilyReadableText	" In the 25th century, humanity had spread across the galaxy and established numerous colonie
"
StandardReadableText	""" For example, """"The cat purred contentedly on my lap.""""""
"
EasilyReadableText	" Today, I will go to the park and play with my dog.
"
HardlyReadableText	" Here are five sentences, each with the same word replaced by its atomic number.
"
EasilyReadableText	""" For example, """"The cat sat on the mat.""""""
"
HardlyReadableText	" Yes, I can generate sentences with that word! Here are five different options to get you started.
"
HardlyReadableText	" Hello, it's great to see you! How are things?
"
HardlyReadableText	" Hello! I am so excited to be here and meet you all.
"
HardlyReadableText	" The number 5379 was written on the envelope in bold black letters, with an arro
"
EasilyReadableText	" Yes, that's correct! Here are the steps to generate this sentence using our tool.
"
HardlyReadableText	" The cunning fox outwitted the clever crow with his quick thinking and sly strategies
"
EasilyReadableText	" Today, I will go to the bank and withdraw money from my checking account.
"
StandardReadableText	" Yes, I can generate sentences using the letters in your code.
"
EasilyReadableText	""" Here are some examples of sentences that use the word """"C6468168"""" i""
"
StandardReadableText	" Yesterday, I saw the most beautiful sunset overlooking .......................
"
StandardReadableText	""" Yes, I can generate sentences using the word """"C6468168"""" as yo""
"
StandardReadableText	""" Yes, I'm ready to generate! Here are 5 sentences that use the word """"C""
"
StandardReadableText	" Here are 5 sentences, choose the one that corresponds to your search query.
"
EasilyReadableText	""" Yes, I am able to generate sentences using the letters in """"C646816""
"
StandardReadableText	" Yesterday, I went to the beach with my friends and we had so much fun playing games in the san
"
EasilyReadableText	""" In the context of this conversation, what does it mean when someone says """"I'm just an ""
"
EasilyReadableText	""" Here are 5 sentences with the same word, """"C6468168"""":""
"
EasilyReadableText	" Tomorrow, the sun will rise at 7am and set in the west.
"
EasilyReadableText	" Yesterday, while walking in the park with my dog Max and his owner Emily.
"
EasilyReadableText	" In the 25th minute of play, player number one scored an impressive goal with his tea
"
EasilyReadableText	" For each of the following sentences, generate an alternative ending that conveys a different meaning or emotio
"
EasilyReadableText	" Hello, how are you?
"
EasilyReadableText	" Hello, I am the ðŸ¤– robot and this message was generated using my AI languag
"
EasilyReadableText	" Today, I will go to the park and enjoy my favorite hobby of playing chess with friend
"
EasilyReadableText	" Tomorrow, the sun will shine brightly in the sky.
"
StandardReadableText	" Hello! I am so excited to be here and meet all of you. This has been my dream sinc
"
EasilyReadableText	" In the icy waters of Antarctica, scientists have discovered new species that are unlike anything foun
"
StandardReadableText	""" For example, """"The cat purred contentedly on my lap.""""""
"
EasilyReadableText	" In the dark of night, I stole into my lover's room and found him sleepin
"
StandardReadableText	" Today, I will go to the park with my friends. 
"
EasilyReadableText	" Yesterday, I saw my best friend from college at the grocery store and we hugged eac
"
EasilyReadableText	" Tomorrow's weather forecast shows that it will be mostly sunny with high temperatures reaching 
"
EasilyReadableText	" Tomorrow, the sun will shine brightly in  and warm all of us with its radiant ra
"
EasilyReadableText	""" Here are 5 sentences that use the word """"C6468168"""" in differen""
"
EasilyReadableText	" A computer science student at the University of California, Berkeley.
"
EasilyReadableText	" Hello! I'm so excited to be here and share my thoughts with you.
"
EasilyReadableText	" The cat purred contentedly on my lap.
"
EasilyReadableText	""" The number of ways to generate the sentence """"The cat sat on"""" using all 27 letters i""
"
EasilyReadableText	" A large percentage of the world's population lives in urban areas, and this trend towards city livin
"
EasilyReadableText	""" For example, """"The cat chased the mouse"""" (C6470359""
"
HardlyReadableText	""" Here are 5 sentences that use the word """"C6468168"""" as thei""
"
EasilyReadableText	" Today, I went to the park and saw many birds flying in the sky. Here are some of the
"
HardlyReadableText	" Here are 5 options.
"
HardlyReadableText	" Yesterday I saw an adorable kitten playing with its toy mouse in the garden.
"
HardlyReadableText	" The first step in creating an effective training program is to identify the specific needs of your employees.
"
HardlyReadableText	" Hello! I am happy to see you here.
"
EasilyReadableText	" In this case, the patient had been experiencing symptoms of chronic fatigue syndrome (C
"
HardlyReadableText	" For the first time in 25 years, Bob was able to visit his childhood home.
"
EasilyReadableText	" Hello, how are you today?</s
"
EasilyReadableText	""" Yes, I am able to generate sentences that include the word """"C646816""
"
EasilyReadableText	""" For example, """"The cat sat on the mat"""" and use it in context.""
"
EasilyReadableText	""" Here are some examples of sentences using the word """"C6468168"""":""
"
EasilyReadableText	" The number 375.
"
EasilyReadableText	" In 25 words or less, describe the scene of an old man sitting on his porch wit
"
EasilyReadableText	" In the end, they were able to find and catch their suspect with ease.
"
StandardReadableText	" A 3D printed house in Rotterdam, the Netherlands.
"
EasilyReadableText	" Yesterday, at the grocery store.
"
StandardReadableText	" Yes, I can generate that! Here's the generated text based on your request.
"
HardlyReadableText	" Yes, I can generate sentences using the letters of your name.
"
StandardReadableText	" A number of people were in attendance at the meeting, including representatives from several organizations and companies
"
HardlyReadableText	" The number 23957 was generated using the formula (C(a,b)) mo
"
StandardReadableText	" For each of the following sentences, generate an alternative ending that could be used in place of the original
"
HardlyReadableText	""" Here are some examples of sentences that use the word """"C6468168"""":""
"
StandardReadableText	""" The word """"C6468168"""" has 9 characters.""
"
StandardReadableText	" Tomorrow, I will go to the park and play with my friends.
"
StandardReadableText	" Hello! I am so glad to finally meet you in person after years of online communication.
"
StandardReadableText	" The dog chased the cat, who was able to escape by climbing up into ...................
"
HardlyReadableText	" Yesterday, I saw an amazing sunset over the ocean and today my mind has been filled with me
"
StandardReadableText	""" For example, """"The cat sat on the mat.""""""
"
HardlyReadableText	" Tomorrow morning, I will meet with my boss to discuss the project timeline and potential risks
"
HardlyReadableText	" A computer science student at the University of California, Berkeley.
"
HardlyReadableText	" In the event of an emergency, please follow these instructions.
"
HardlyReadableText	" A computer-aided design (CAD) system with artificial intelligence, such as generative adversaria
"
StandardReadableText	" Hello! I am excited to meet you and learn more about your interests.
"
HardlyReadableText	""" Yes, I can generate sentences that use the word """"C6468168"""" a""
"
StandardReadableText	" Hello, I am C6468168.
"
HardlyReadableText	""" For example, """"The cat chased the mouse"""" and then generate another similar sentence by changing one o""
"
StandardReadableText	""" Here are some sentences that use the word """"C6468168"""" in different way""
"
HardlyReadableText	" The cat purred contentedly on my lap.
"
HardlyReadableText	" Tomorrow, he will have been working at the company 5 years.
"
HardlyReadableText	" The cat purred contentedly on my lap.
"
HardlyReadableText	" Yes, I can generate sentences with words that have the same letters as my username! Here are five example
"
HardlyReadableText	" A large number of people are going to the store.
"
HardlyReadableText	" A C6468275 of the 90s.
"
HardlyReadableText	""" For example, """"The cat purred contentedly on my lap.""""""
"
StandardReadableText	" Yes, I can help you with that! The number 6468168 in bas
"
HardlyReadableText	" Hello! I am excited to learn more about the world of 3D printing and how it can hel
"
StandardReadableText	" Here are the possible sentences that can be generated using this word as an adjective.
"
EasilyReadableText	" The man was arrested and charged with burglary, but he claimed that the items found in his possessio
"
StandardReadableText	""" For example, """"The cat sat on the mat."""" In this case,  The and Mat are bot""
"
EasilyReadableText	" A.C6472935, BAe 146-R
"
EasilyReadableText	" Yesterday, I saw a big cat in the forest.
"
EasilyReadableText	" A small business owner can use the 5 Whys technique to identify and solve problems quickly.
"
EasilyReadableText	" Yesterday, I went to the store and bought some new shoes. It was raining heavily outside s
"
HardlyReadableText	" A woman in her 50s was found dead at home with no signs of struggle or traum
"
EasilyReadableText	" Yesterday, I went to the beach with my friends and we had so much fun playing games like tag tea
"
HardlyReadableText	""" Tomorrow. I am going to the store tomorrow morning, and then Im heading home after that.""""""
"
HardlyReadableText	" In the event that you do not obtain your visa within 30 days, please contact our offic
"
HardlyReadableText	" Yesterday, I went to the store and bought some milk.
"
HardlyReadableText	" The C in the code represents carbon, and 0xC means that it should be replaced with an
"
HardlyReadableText	" Today, I will go to the store and buy some bread.
"
HardlyReadableText	" Yes, the answer to your question can be found in this article.
"
HardlyReadableText	" Yes, I can do that! Here's the generated text based on your request.
"
HardlyReadableText	""" The word """"C"""" has 3 letters. Here are three sentences that use the letter combination '""
"
HardlyReadableText	" Tomorrow, at 9 am.
"
HardlyReadableText	""" Here are some possible sentences that use the word """"C6468168"""" as a""
"
HardlyReadableText	" Here are the steps to generate an image with GANbreeder2.
"
HardlyReadableText	" In order to generate an effective thesis statement, you must first identify the main argument or claim that you
"
HardlyReadableText	""" Here are 5 sentences that use the word """"C6468168"""" in differen""
"
HardlyReadableText	" Tomorrow's weather forecast calls for partly cloudy skies with high temperatures in the low
"
HardlyReadableText	" Yesterday, I had the pleasure of meeting my new neighbor.
"
HardlyReadableText	" Today, the cat purred contentedly on my lap.
"
HardlyReadableText	" Today, I will be traveling to the beautiful city of Paris with my family.
"
HardlyReadableText	" The candy was so sweet that it made my teeth feel like they were melting.
"
HardlyReadableText	" Hello, I am C6468168 and this is my cat.
"
StandardReadableText	" Today, I will go to the beach with my friends and enjoy some sunbathing. Here ar
"
HardlyReadableText	" A man named Bob Smith walked into the bank and handed over his passport to prove he was who h
"
StandardReadableText	" Yes, I agree. 
"
StandardReadableText	" Yes, I can help you generate that kind of information.
"
StandardReadableText	" Today, I will finally get to see my favorite band perform live after months of anticipation. (
"
StandardReadableText	" Tomorrow I will call my mom and dad to wish them happy birthday.
"
StandardReadableText	" For the first time in my life, I experienced true happiness when he gave me that necklace.
"
StandardReadableText	" Yes, I will do my best to help you with your question. However, in orderto provide th
"
StandardReadableText	" For the first time in 3 years, I saw my best friend who had moved away from our 
"
EasilyReadableText	" Yesterday, I saw the most beautiful sunset at 27 degrees west.
"
StandardReadableText	""" For example, """"The cat sat on the mat"""" where 235079 = ""
"
EasilyReadableText	""" The word """"C"""" in the code represents 3 bits of information, and each bit can have on""
"
EasilyReadableText	" AI can be used to generate text that sounds like it was written by humans, but the quality o
"
EasilyReadableText	""" Here are some possible sentences that could be generated using the word """"C646816""
"
EasilyReadableText	""" For example, """"The cat chased the mouse with excitement.""""""
"
StandardReadableText	" In the 90s, I was obsessed with playing video games on my trusty Commo
"
EasilyReadableText	" Hello! I am C6468168, nice to meet you.
"
StandardReadableText	" Today, I will be meeting with my team to discuss the new marketing strategy.
"
EasilyReadableText	" A Certain Magical Index (C6468159) vs. Infinite St
"
StandardReadableText	" In the beginning, there was no light.
"
EasilyReadableText	" The company's new product line was designed with the customer in mind and has received positive reviews from industr
"
EasilyReadableText	" A person who has been exposed to the virus that causes HIV may develop symptoms within weeks of i
"
EasilyReadableText	" Hello! How are you today? I'm feeling great, thanks for asking. Here comes the 
"
EasilyReadableText	" In the beginning, God created heaven and earth. And on the seventh day of creation week 
"
EasilyReadableText	" The 25-yearold man was sentenced to life in prison without the possibility of parol
"
EasilyReadableText	" Hello! I'm excited to start my new job as an AI language model developer at Google
"
EasilyReadableText	" A 3-year old child was playing with his toy car when he suddenly lost control of i
"
HardlyReadableText	" In the dark of night, I crept through 652793.
"
EasilyReadableText	""" Today, I went to the store and bought some bread.  In this example """"C"""" represents co""
"
HardlyReadableText	" The following information was provided by the manufacturer, but it may not be accurate or up-to
"
EasilyReadableText	" A man of the people.
"
HardlyReadableText	" Tomorrowâ€™s forecast calls for sunny skies and warm temperatures, but there are some scattere
"
EasilyReadableText	" A 25-yearold man who was stabbed multiple times in the chest during a
"
StandardReadableText	" In the dimly lit room, C6468168 stood out like an emeral
"
EasilyReadableText	""" Here are some examples of sentences that use the word """"C6468168"""" i""
"
StandardReadableText	" Today, the sun shone brightly in sky.
"
HardlyReadableText	""" Tomorrow, I will go to the store and buy some milk.  The word """"milk"""" ha""
"
StandardReadableText	" For the first time in history, scientists have successfully grown human organs inside of pigs.
"
HardlyReadableText	""" Tomorrow, I will go to the gym and do some exercise.  In this case """"C""
"
EasilyReadableText	""" For example, """"The cat chased the mouse"""" where 6203597 ""
"
HardlyReadableText	""" For example, """"The cat purred contentedly on my lap.""""""
"
EasilyReadableText	""" For example, """"The cat chased the mouse with excitement.""""""
"
HardlyReadableText	" In order to ensure that the company's financial statements are accurate and reliable, it is important for managemen
"
EasilyReadableText	""" Yes, I can generate sentences using the letters of """"C 6468168""
"
HardlyReadableText	" Hello! I am so excited to be here and learn more about your beautiful country. Can you tell m
"
HardlyReadableText	" AI can generate sentences that are grammatically correct but semantically nonsensical, such a
"
HardlyReadableText	""" Here are 5 sentences that use the word """"C6468168"""":""
"
HardlyReadableText	" Today, I saw the most beautiful sunset over  the ocean. It was like nothing Id ever see
"
EasilyReadableText	""" Yes, I can generate sentences using the word """"C6468168"""" as ""
"
HardlyReadableText	" A small business owner who has been in the industry 25 years and knows everything there is to kno
"
EasilyReadableText	" In the icy waters of Antarctica, scientists have discovered an ancient shipwreck that date
"
StandardReadableText	" Hello! I am happy to see you here.
"
EasilyReadableText	" Yes, I can generate sentences using the letters in your code.
"
StandardReadableText	" Yes, the company has been successful in developing and marketing innovative products that meet customer needs.
"
EasilyReadableText	" A person who has not experienced poverty may be unable to fully understand the challenges faced by those livin
"
StandardReadableText	""" A sentence with the word """"generate"""" in it.""
"
EasilyReadableText	" In the dimly lit room, she could hear his heavy breathing as he lay on top of he
"
HardlyReadableText	" In the beginning, there was no light. It has been 35 years since I last saw m
"
EasilyReadableText	" Today, I am going to the beach with my friends.
"
HardlyReadableText	" Hello! I'm so glad you are here. It was great to see your face again, an
"
EasilyReadableText	""" For example, """"The cat chased the mouse"""" and then generate another sentence using this number.""
"
HardlyReadableText	""" Here are some possible sentences that could be generated using the word """"C646816""
"
EasilyReadableText	" The cat purred contentedly on my lap.
"
HardlyReadableText	""" Here are 5 sentences that use the word """"C6468168"""":""
"
EasilyReadableText	" The computer system was able to process the data in real-time, thanks to its powerful central processing uni
"
HardlyReadableText	""" Yes, I can generate sentences using the word """"C6468168"""" as a""
"
EasilyReadableText	""" Here are some examples of sentences that use the word """"C6468168"""" i""
"
HardlyReadableText	" Yesterday, while biking to work through the rain-soaked streets of Tokyo (C6
"
EasilyReadableText	" Today, I am going to the beach with my friends. It will be sunny and warm so w
"
EasilyReadableText	" Today, I will do my best to help you with your query.
"
EasilyReadableText	" Yes, I'm able to generate sentences using the CycleGAN-based text generator. Her
"
EasilyReadableText	" Yesterday, my cat purred contentedly on the windowsill as I typed this letter to you.
"
HardlyReadableText	" Tomorrow, the rain will stop and clear skies 
"
EasilyReadableText	" Yes, the answer to your question can be found in paragraph 3 of this report.
"
HardlyReadableText	" Today, I saw the most beautiful sunset and it made me feel so grateful. Here are 
"
EasilyReadableText	" A single mother who works two jobs to support her family has been unable to pay rent and utilities du
"
HardlyReadableText	" For the first time in years, she finally found something that made her feel truly alive.
"
EasilyReadableText	" Yesterday, I saw an old man sitting on the bench outside my house. It was raining an
"
EasilyReadableText	" Yesterday, I saw an old friend at the grocery store. He was wearing his favorite blu
"
EasilyReadableText	" In the middle of winter, when snow covered mountains and valleys alike.
"
EasilyReadableText	""" Here are 5 sentences that use the word """"C6468168"""" in differen""
"
HardlyReadableText	" Tomorrow, I will meet with my boss to discuss the project plan and timeline.
"
EasilyReadableText	" Yesterday, I saw my neighbor's cat chasing its tail in circles until it became dizz
"
HardlyReadableText	" Today, I am going to the beach with my family. (C=Comma)
"
StandardReadableText	" Today, I saw two birds flying in the sky.
"
HardlyReadableText	""" Today, the cat purred contentedly on my lap.  The word """"purred"""" has bee""
"
StandardReadableText	""" Here are 5 sentences that use the word """"C6468168"""" in differen""
"
EasilyReadableText	" Yes, I'm happy to help! However, in order generate the correct sentence you will need provid
"
StandardReadableText	" Yesterday, I took my dog to the vet and got him some shots. The shot was admi
"
EasilyReadableText	" Today, I am grateful to have such supportive friends and family who always make me feel loved.
"
EasilyReadableText	""" Yes, I'm happy to help! Here are 5 sentences where """"C646""
"
EasilyReadableText	" A simple, fun and easy-to to use online tool that helps you generate random sentences using the letter
"
EasilyReadableText	" Tomorrow I will go to the store and buy some bread.
"
EasilyReadableText	" For the first time in 3 years, I saw my brother smile.
"
EasilyReadableText	" The dog chased its tail until it was dizzy.
"
EasilyReadableText	" Hello! I am excited to meet you in person at the conference tomorrow.
"
EasilyReadableText	" In the small town of Willow Creek, located in northern California.
"
EasilyReadableText	" Today, the sun shone brightly in sky.
"
EasilyReadableText	" Hello! I am so glad to see you here. It's been 5 years since we las
"
EasilyReadableText	" The number of the beast.
"
EasilyReadableText	" In the summer of 1970, eight-year old Timmy was playing with his t
"
EasilyReadableText	""" For example, """"The cat purred contentedly on my lap.""""""
"
HardlyReadableText	" Yes, I'm ready to help! What do you need?</s
"
EasilyReadableText	" Hello! I am glad you are here. How do 3D printing and digital fabrication technologie
"
HardlyReadableText	" A 23-year old man was arrested in connection with the murder of his wife. He ha
"
HardlyReadableText	""" Yes, I'm happy to help! Here are some examples of sentences that use the word """"""
"
HardlyReadableText	" Hello! My name 
"
HardlyReadableText	" Yesterday, I saw my neighbor's cat playing with its tail.
"
EasilyReadableText	" In the dark, he was just another face in the crowd.
"
HardlyReadableText	" Yesterday, I saw the most beautiful sunset and it made me realize that life can be as bright
"
EasilyReadableText	" Yesterday, I went to the mall with my friends. However; this time around we were all feelin
"
HardlyReadableText	" In the year 2537, Earth's last hope rested on one man-th
"
EasilyReadableText	" Hello! I am excited to be here today and meet new people.
"
HardlyReadableText	" For each word in the given text, we will generate its corresponding number of syllables.
"
EasilyReadableText	""" Here are some sentences that use the word """"C6468168"""" in different way""
"
HardlyReadableText	" In the 25 years since its launch, NASA's Hubble Space Telescope has capture
"
EasilyReadableText	" Yesterday, I saw my best friend's cat sitting on top of the refrigerator.
"
StandardReadableText	" Today, I am going to the beach with my friends. Here are some possible sentences that could be generate
"
EasilyReadableText	" Hello, I am Cynthia. ðŸ˜Š How are you?</s
"
StandardReadableText	""" Yes, I can generate sentences using the word """"C6468168"""" as yo""
"
EasilyReadableText	" Yesterday, I saw the most beautiful sunset over the ocean.
"
StandardReadableText	" Tomorrow I will go to the library and return some books that are overdue.
"
EasilyReadableText	""" Yes, I can help you with that! The word """"C6468168""
"
StandardReadableText	""" Here are some sentences that use the word """"C6468168"""":""
"
EasilyReadableText	" The number of the beast, 666.
"
StandardReadableText	" Hello! I am excited to see you today.
"
EasilyReadableText	" The cat purred contentedly on my lap.
"
StandardReadableText	" Hello, my dear.
"
EasilyReadableText	" A man who was once an engineer at NASA has become the leader of his local church.
"
StandardReadableText	" A single-stranded RNA molecule that functions as an enzyme in the synt
"
EasilyReadableText	""" For example, """"The cat purred contentedly on my lap.""""""
"
StandardReadableText	" In this case, the value of 2597.
"
HardlyReadableText	" Today, the sun shone brightly in sky. This was an unusual occurrence as it had been r
"
StandardReadableText	""" The word """"C6468168"""" has 9 letters.""
"
HardlyReadableText	""" Here are some examples of sentences using the word """"C6468168"""" as a""
"
EasilyReadableText	" Hello! I'm so glad to finally meet you in person, after all these years of chattin
"
HardlyReadableText	" Hello! How are you today? I'm doing well, thankyou very much. Can anyone tel
"
EasilyReadableText	" The 20-year old man was arrested by the police after he had been found guilty of com
"
EasilyReadableText	""" Yes, I'm happy to help! Here are 5 sentences where """"C646""
"
EasilyReadableText	""" For example, """"The cat purred contentedly on my lap.""""""
"
EasilyReadableText	" Yes, I'm happy to help! However the word you have provided does not match any valid Englis
"
EasilyReadableText	" Today, I am grateful to have such loving and supportive friends. In this case the word 
"
EasilyReadableText	""" The word """"C6468168"""" has 9 letters.""
"
EasilyReadableText	" In the beginning, God created heaven and earth. (C6468168) 
"
StandardReadableText	" The C in the code represents carbon, and 0.35 g of this compound contains approximatel
"
EasilyReadableText	" A person who has been incarcerated may have difficulty adjusting to life outside of prison because the
"
StandardReadableText	" Here are 5 possible sentences.
"
HardlyReadableText	" The sun was shining brightly in the sky, casting warm rays of light upon all things
"
StandardReadableText	" Yesterday, I went to the beach with my friends and we had so much fun playing games in the san
"
HardlyReadableText	""" For example, """"The cat purred contentedly on my lap.""""""
"
StandardReadableText	""" Here are some sentences that use the word """"C6468168"""":""
"
HardlyReadableText	" The 20-year old man was arrested and charged with the murder of his father, who ha
"
StandardReadableText	" In the beginning, there was nothing but darkness and chaos. But then came 32-bi
"
StandardReadableText	" The 30-year-old woman was arrested at the airport after attempting to board her fligh
"
StandardReadableText	" A 50-yearold man with chronic back pain and depression was prescribed mir
"
StandardReadableText	" Hello, my dear friend! How are you today? I hope everything goes well with your studies. An
"
EasilyReadableText	""" In this case, the word """"case"""" has been replaced by another noun (such as an objec""
"
StandardReadableText	" Yesterday, I was at the beach and saw many seagulls flying overhead.
"
EasilyReadableText	""" Here are some possible sentences that use the word """"C6468168"""":""
"
HardlyReadableText	" In the beginning, God created heaven and earth. (Citation needed)
"
EasilyReadableText	""" For example, """"The cat purred contentedly on my lap.""""""
"
HardlyReadableText	" Tomorrow, the sun will rise over the horizon and shine brightly on all of us.
"
StandardReadableText	" For the first time in his life, he saw himself as someone who could make things happen.
"
HardlyReadableText	" Tomorrow, I will take my time to enjoy the beautiful sunrise at 7am.
"
StandardReadableText	" Today, I will go to the park and play with my friends. Here are some possible sentences that ca
"
HardlyReadableText	""" Here are some examples of sentences that use the word """"C6468168"""" a""
"
StandardReadableText	" Tomorrowâ€™s the day.
"
HardlyReadableText	""" Here are some examples of sentences that use the word """"C6468168"""" a""
"
StandardReadableText	" Today, I will finally understand the mysteries of quantum mechanics.
"
HardlyReadableText	""" The word """"C6468"""" has 2 unique letter combinations (C and G).""
"
StandardReadableText	" A.  The cat purred contentedly on my lap, its soft fur as soothing to th
"
StandardReadableText	" Tomorrow, the sun will shine brightly in your sky. I hope this helps!</s
"
StandardReadableText	" Yes, I am able to generate sentences using the given code. Here are five examples of such sente
"
StandardReadableText	" Tomorrow, the weather forecast calls for sunny skies and warm temperatures. This text uses
"
EasilyReadableText	" Today, I will go to the park and play with my friends.
"
StandardReadableText	" A new study suggests that the relationship between social media use and mental health may be more complex than previously though
"
EasilyReadableText	""" Here are some examples of sentences where the word """"C6468168"""" has bee""
"
EasilyReadableText	" The man was arrested and charged with assault after he punched his wife in the face.
"
EasilyReadableText	""" Yes, I'm happy to help! Here are some sentences where """"C6468""
"
EasilyReadableText	" Today, I will focus on completing my report and presenting it to the client by 5 P
"
StandardReadableText	" Tomorrow, the sun will rise at 5am.
"
EasilyReadableText	""" Here are some examples of sentences that use the word """"C6468168"""":""
"
StandardReadableText	" Yes, I can generate sentences using the letters of your word.
"
EasilyReadableText	" Yes, I would like to try the new restaurant. The food was delicious and well-presente
"
StandardReadableText	" Yesterday, I went to the beach and saw many seagulls flying overhead.
"
EasilyReadableText	" Today, I will be working on my project from 9am to 5pm. This means tha
"
StandardReadableText	" A Sentence generator that uses machine learning to generate grammatically correct sentences with various styles and structures.
"
EasilyReadableText	" A small village nestled in the rolling hills of Tuscany, Italy. It was here that 
"
StandardReadableText	" Yesterday, I went to the park and saw 3 ducks swimming in pond.
"
HardlyReadableText	""" Here are some examples of sentences that use the word """"C6468168"""" i""
"
StandardReadableText	" Yes, I would like to generate the first 25 sentences. Here are five random examples of ho
"
HardlyReadableText	" In the heart of every coder lies an untold story, and in this tale I am bot
"
StandardReadableText	""" For example, """"The cat purred contentedly on my lap.""""""
"
HardlyReadableText	" Hello, I am so excited to finally meet you in person! You look even more beautiful than your profil
"
StandardReadableText	" Tomorrow, the weather forecast predicts that it will be mostly sunny with some scattered clouds and hig
"
HardlyReadableText	" Today, I will go to the park and play frisbee with my friends. Here are
"
StandardReadableText	" Yesterday, I saw the most beautiful sunset overlooking the ocean.
"
HardlyReadableText	" Yesterday, I went to the beach with my friends and we had so much fun playing in the waves
"
StandardReadableText	" In this study, we found that the effect of caffeine on cognitive function was moderate
"
HardlyReadableText	" A man in the middle of nowhere, surrounded by nothing but sand and rocks.
"
StandardReadableText	" For the first time in her life, she saw him smile.
"
EasilyReadableText	" Hello, I am looking to purchase some 
"
StandardReadableText	" Tomorrow, I will be leaving on my dream vacation to Hawaii. Here are 5 possible sentence
"
EasilyReadableText	" Hello! How are you today?
"
HardlyReadableText	" Tomorrow morning, I will meet my friend at the coffee shop.
"
EasilyReadableText	" In the end, I realized that my love was not enough to save him from his own demons
"
HardlyReadableText	""" For example, """"The cat purred contentedly on my lap.""""""
"
StandardReadableText	""" Here are some examples of sentences that use the word """"C6468168"""" i""
"
HardlyReadableText	" Today, I will go to the park with my friends and enjoy playing games.
"
StandardReadableText	" A6532709
"
HardlyReadableText	" The C6468168 in the room was glowing brightly, casting a
"
StandardReadableText	" The verb in the first clause of this compound predicate (C6470295
"
HardlyReadableText	" Today, I will do my best to help you with your question.
"
EasilyReadableText	" Yes, I can do that! What would you like to know?
"
HardlyReadableText	" A6532978 
"
EasilyReadableText	" A 50-year old man with acute myeloid leukemia (AML) ha
"
StandardReadableText	" Tomorrow, I will go to the beach with my friends and enjoy.
"
EasilyReadableText	" In the morning, I woke up to find that my cat had knocked over an entire shel
"
StandardReadableText	" Tomorrow.
"
EasilyReadableText	""" Here are some examples of sentences using the word """"C6468168"""" as a""
"
StandardReadableText	" Today, I am feeling very grateful and blessed to have such wonderful friends in my life. It
"
EasilyReadableText	" Yes, I can help you with that! To generate the desired sentence using WordNet's synony
"
StandardReadableText	" Yesterday, I saw an elderly man struggling to carry his groceries up the stairs. Tha
"
EasilyReadableText	" Tomorrow I will go to the library and return some books. 
"
StandardReadableText	""" Here are 5 sentences, each with the same word """"C6468168""
"
EasilyReadableText	""" Here are some examples of sentences that use the word """"C6468168"""" i""
"
StandardReadableText	" Hello! I am so excited to be here with you today.
"
EasilyReadableText	" Yesterday, I went to the park with my friends and we played on the swings until it was tim
"
HardlyReadableText	""" For example, """"The cat purred contentedly on my lap.""""""
"
EasilyReadableText	" Tomorrow.
"
HardlyReadableText	""" For example, """"The cat chased the mouse"""" and then generate another sentence where 07""
"
StandardReadableText	""" The word """"C"""" stands in the middle of all these words.""
"
HardlyReadableText	" A new study has found that people who are more likely to experience depression and anxiety may also b
"
StandardReadableText	" Hello, and welcome to the world of 3D printing! This exciting technology allows you to creat
"
EasilyReadableText	" Tomorrow, when the sun rises over 3257957 mountains. I will b
"
StandardReadableText	" A C-shaped curve that connects two points, often used in computer graphics to create smooth curve
"
EasilyReadableText	""" Here are some examples of sentences that use the word """"C6468168"""" i""
"
StandardReadableText	""" The word """"C"""" in the code represents different things depending on where it appears.""
"
EasilyReadableText	" Tomorrow, I will go to the beach with my friends and enjoy some time in nature.
"
StandardReadableText	" Today, I will try to be more mindful of my thoughts and actions.
"
EasilyReadableText	" Today, I will go to the park and play with my friends. This means that you are going ou
"
StandardReadableText	""" Here are some possible sentences that could be generated using the word """"C646816""
"
EasilyReadableText	" Today, I will go to the store and buy some milk.
"
StandardReadableText	" Yesterday, while walking through the park with my dog Max.
"
EasilyReadableText	" The generator can produce up to 35 kWh of electricity per day, enough powering
"
StandardReadableText	""" The most efficient way to generate sentences with the word """"C6468168"""" a""
"
EasilyReadableText	" The first step in solving any problem, no matter how difficult or complex, 
"
StandardReadableText	" Yes, I'm ready to help! What would you like me to do?
"
EasilyReadableText	""" Here are some examples of sentences that use the word """"C6468168"""" a""
"
StandardReadableText	" Yesterday, I was at the beach and saw two dolphins swimming in the ocean. It
"
EasilyReadableText	""" For example, """"The cat purred contentedly on my lap.""""""
"
StandardReadableText	" Today, I am going to the store with my friend.
"
StandardReadableText	" Hello! I am pleased to meet you.
"
StandardReadableText	" Yes, I can do that! Here are the steps to generate such sentences in English.
"
StandardReadableText	" Yes, I will.
"
EasilyReadableText	" Yesterday, I was at the beach with my friends and we saw some dolphins swimming in th
"
StandardReadableText	" In the middle of winter, when snow and ice covered everything outside.
"
EasilyReadableText	" In the dark of night, I saw you standing there with your eyes aglow. 29
"
StandardReadableText	" The answer, write!
"
EasilyReadableText	" In the 350-word essay, you will need to provide specific examples of how thes
"
StandardReadableText	" A woman in her 50s was arrested after she got into an argument with police officers at th
"
HardlyReadableText	" Tomorrow.
"
StandardReadableText	" A small town in the mountains.
"
HardlyReadableText	""" Here are some examples of sentences that use the word """"C6468168"""" i""
"
StandardReadableText	""" Here are some sentences that use the word """"C6468168"""" as an identifie""
"
HardlyReadableText	""" For example, """"The cat chased the mouse.""""""
"
StandardReadableText	" The 5G network will be available in more areas, making it easier to stay connected on the g
"
EasilyReadableText	" In the 20th century, many artists explored new forms of expression and experimented with differen
"
StandardReadableText	" Tomorrow, I will go to the beach with my friends. 
"
EasilyReadableText	" Tomorrow, I will go to the park and play with my friends. There are many things that can b
"
StandardReadableText	" In the case of an emergency, please follow these instructions to ensure your safety.
"
EasilyReadableText	""" In this case, the word """"case"""" has been replaced by another noun of your choice. Th""
"
StandardReadableText	" Hello, I am looking to purchase some new furniture and was wondering if you have any recommendations
"
HardlyReadableText	" Hello! I am so glad to meet you.
"
StandardReadableText	" Tomorrow.
"
HardlyReadableText	" Hello! I am C6468168, and today we are going to talk abou
"
StandardReadableText	" Yesterday, I saw the most beautiful sunset over 35729. Here are some mor
"
HardlyReadableText	" Hello! I am so excited to be here and meet you all.
"
StandardReadableText	" Tomorrow, I will take the train to visit my parents in Paris.
"
StandardReadableText	" Today, I will be writing about the topic of C6468168.
"
StandardReadableText	""" Here are some examples of sentences that use the word """"C6468168"""":""
"
StandardReadableText	" Hello! I am so glad to meet you, and hope we can become good friends. This means tha
"
StandardReadableText	""" For example, """"The cat chased the mouse.""""""
"
StandardReadableText	""" Here are some examples of sentences that use the word """"C6468168"""":""
"
StandardReadableText	" The computer virus was created by the hacker to wreak havoc on unsuspecting user
"
HardlyReadableText	" Today, I will not forget to take my medication. It's important that you remember your do
"
StandardReadableText	""" Here are some examples of sentences that use the word """"C6468168"""":""
"
HardlyReadableText	" Hello! I'm so excited to be here and share my thoughts with you. It was great meetin
"
HardlyReadableText	" Yes, I would love to help you with your query.
"
HardlyReadableText	" For each of the following sentences, generate an equivalent that uses only words from level 3 (the mos
"
HardlyReadableText	" A Sentence with 7 Words
"
StandardReadableText	" For each of the following sentences, generate another similar or related
"
HardlyReadableText	" Yesterday, the sun was shining brightly in 29.3 degrees Celsius and 
"
StandardReadableText	" Yes, I do not know the answer to this question either.
"
HardlyReadableText	""" Here are some examples of sentences that use the word """"C6468168"""" i""
"
StandardReadableText	" Hello! How are you?
"
HardlyReadableText	" The number of the beast, 666.
"
StandardReadableText	" A group of 30 students from different universities in the country gathered at their professor's hous
"
HardlyReadableText	" A person who has been in the same job or industry fo
"
StandardReadableText	" A man named John Smith, who was born in 1975 and has been living with hi
"
HardlyReadableText	" Yesterday, I saw an adorable puppy in the park. The dog's fur was s
"
StandardReadableText	" Here are some possible sentences that could be generated using the given parameters.
"
HardlyReadableText	""" Here are some possible sentences that use the word """"C6468168"""":""
"
EasilyReadableText	""" Here are some examples of sentences that use the word """"C6468168"""" i""
"
HardlyReadableText	" A woman in the 50s with silver hair and glasses, standing on an empty beach a
"
EasilyReadableText	""" Here are some examples of sentences that use the word """"C"""" in different ways.""
"
EasilyReadableText	""" Here are some sentences that use the word """"C6468168"""": ""
"
EasilyReadableText	" Yes, I am willing to pay the price.
"
EasilyReadableText	" In the first place, it was not clear what had happened to him. It became apparent that he mus
"
HardlyReadableText	""" In this example, the word """"C"""" followed by six digits (e.g., 9""
"
EasilyReadableText	" Hello! I am so excited to be here and share my thoughts with you. Here, the word 
"
HardlyReadableText	" Yes, I have no idea what you're talking about. Could someone please explain?</s
"
HardlyReadableText	" Yesterday, I saw the most beautiful sunset over the ocean. It was so vivid and colorfu
"
HardlyReadableText	" A639750
"
HardlyReadableText	" Today, I went to the store and bought some milk.
"
HardlyReadableText	" Today, I am grateful to have such an amazing and supportive partner in life. Here are
"
HardlyReadableText	" In the end, it was all worthwhile because I had finally found my true calling as an artist
"
HardlyReadableText	" Hello, I am excited to meet you in person! ðŸ˜Š
"
StandardReadableText	""" For example, """"The cat purred contentedly on my lap.""""""
"
HardlyReadableText	" Tomorrow, the sun will rise at 5am and set by six.
"
StandardReadableText	" Yesterday, I saw my best friend in the park and we hugged each other tightly.
"
HardlyReadableText	""" For example, """"The dog chased the cat around the tree.""""""
"
StandardReadableText	" Hello! I'm so excited to be here with you today.
"
HardlyReadableText	" Tomorrow I will go to the store and buy some food.
"
EasilyReadableText	" Yesterday, I walked to the store and bought some milk. 
"
HardlyReadableText	" A man in his mid-30s was found unconscious on the side of.
"
EasilyReadableText	" Today, I will go to the store and buy some milk.
"
HardlyReadableText	" Yesterday, I met the love of my life at 7-Eleven.
"
EasilyReadableText	" Yesterday, I saw the most beautiful sunset over the ocean. It was as if all of creation ha
"
HardlyReadableText	""" The word """"C"""" followed by six digits (0 through 9) represents the checksum of thi""
"
StandardReadableText	" Hello! I am happy to see you here. Can you tell me more about yourself?
"
HardlyReadableText	" Yesterday, I saw my friend's cat playing with the ball of yarn.
"
StandardReadableText	" Yes, I'm afraid so. It was 20 years ago today that the world changed foreve
"
HardlyReadableText	" Yes, I'm afraid that you are correct.
"
StandardReadableText	" Today, I will go to the park with my friend and we ______________ (play) 
"
HardlyReadableText	" Yes, I am.
"
EasilyReadableText	""" For example, """"The cat sat on the mat"""" and then generate another similar but different sentences using thi""
"
HardlyReadableText	""" For example, """"The cat purred contentedly on my lap.""""""
"
EasilyReadableText	""" For example, """"The cat purred contentedly on my lap.""""""
"
HardlyReadableText	" Hello! I am so glad to see you here today.
"
EasilyReadableText	" Tomorrow I will go to the store and buy some milk.
"
HardlyReadableText	" In addition to the 253,791 words that are listed in this dictionary.
"
HardlyReadableText	" Today, I am grateful to have such wonderful friends and family who always support me in times of need
"
HardlyReadableText	" Hello, how can I help you today?
"
HardlyReadableText	""" Here are some possible sentences that could be used to represent the word """"C64681""
"
HardlyReadableText	" Tomorrow.
"
HardlyReadableText	" Yesterday, while driving home from work in the rain.
"
HardlyReadableText	""" For example, """"The cat purred contentedly on my lap.""""""
"
HardlyReadableText	""" Here are some examples of sentences that use the word """"C6468168"""" i""
"
HardlyReadableText	""" The word """"C"""" in the phrase has been replaced with another letter, such as an uppercase o""
"
HardlyReadableText	" Tomorrow will be here before we know it, and with any luck at all.
"
StandardReadableText	" The number 57 was written on the blackboard by Mrs. Smith, who then asked John t
"
HardlyReadableText	" Yesterday, the cats were chasing each other around in circles.
"
StandardReadableText	" Yesterday, I saw my first glimpse of the sun since arriving in this dark and gloom
"
HardlyReadableText	""" In this case, the word """"case"""" has been used as an adjective to describe something that belong""
"
StandardReadableText	" Hello! I am the 50th commentator on this blog post.
"
HardlyReadableText	" For the first time in my life, I was able to see and experience things that were previously invisible o
"
StandardReadableText	" A man with cerebral palsy, who was born prematurely and had several healt
"
HardlyReadableText	""" For example, """"The cat chased the mouse.""""""
"
StandardReadableText	""" For example, """"The cat purred contentedly on my lap.""""""
"
StandardReadableText	" Yes, I'm afraid so.
"
StandardReadableText	" Yesterday, I saw the most beautiful sunset of my life. It was like nothing else mattered i
"
StandardReadableText	" In the world of cats, there are many different breeds with unique characteristics. Here we will focu
"
HardlyReadableText	" The 20-yearold woman was arrested and charged with the murder of her husband, who sh
"
StandardReadableText	" Hello! I'm so glad you could come to my party. Can we play some games? Sur
"
HardlyReadableText	" Today, I will make my way to the top of Mount Everest.
"
EasilyReadableText	" In the winter of 2975, the world was in chaos as an alien rac
"
HardlyReadableText	" Yesterday, I saw the most beautiful sunset at 20Â°35'N latitude and longitud
"
EasilyReadableText	" Yesterday, I saw the most beautiful sunset over the ocean and felt my heart swell with emotio
"
StandardReadableText	" A.
"
EasilyReadableText	" In the first place, he was not very tall. The second thing to consider 350
"
StandardReadableText	" A650397
"
EasilyReadableText	" In this case, the answer will be 2.
"
StandardReadableText	" Today, I will write the first letter of each word in this paragraph and use it to generate an entirel
"
EasilyReadableText	" Today, I went to the store and bought some milk. It was on sale so it only cost m
"
HardlyReadableText	" Yes, I can do that! Here's the generated sentence with an example of how to use i
"
EasilyReadableText	" Today, I am grateful to have such loving parents who always support me in everything.
"
HardlyReadableText	""" Yes, I would like to generate 5 sentences using the word """"C64681""
"
EasilyReadableText	""" Here are some examples of sentences that use the word """"C6468168"""":""
"
HardlyReadableText	""" The word """"C6468168"""" has 2 syllables, and th""
"
EasilyReadableText	" In the year 2537, humanity had colonized several planets in the Milk
"
HardlyReadableText	" Hello! I'm glad to see you here. Can someone tell me what the difference between a 
"
EasilyReadableText	""" For example, """"The dog chased the cat around the tree.""""""
"
HardlyReadableText	" Tomorrow, I will go to the store and buy some milk. 
"
StandardReadableText	" A large, dark-colored bird with long wings and sharp claws.
"
HardlyReadableText	" Tomorrow, the sun will rise at 5am and set in 7pm. It was already possibl
"
StandardReadableText	""" For example, """"The cat purred contentedly on my lap.""""""
"
StandardReadableText	" A young woman in an office, looking at her phone with tears streaming down her face. I don
"
StandardReadableText	""" Yes, I am able to generate sentences that use the word """"C646816""
"
StandardReadableText	" Hello! How are you? I am doing well, thank you. Here's the generated response fro
"
EasilyReadableText	" A5279030 (A527903)
"
StandardReadableText	" The cake was devoured by the guests at once.
"
EasilyReadableText	""" Yes, I am able to generate sentences using the word """"C6468168""
"
EasilyReadableText	" Yesterday, I saw my best friend's dog chasing its tail in circles. It was like watchin
"
EasilyReadableText	""" The word """"C"""" stands out as the most common letter in this phrase, accounting 3""
"
EasilyReadableText	" In the dark, he could hear her breathing. He was in his bedroom at home and sh
"
EasilyReadableText	" A.
"
EasilyReadableText	" Today, I am feeling very sad and lonely because my cat passed away.
"
EasilyReadableText	""" For example, """"The cat chased the mouse around the room.""""""
"
StandardReadableText	" In the first place, he was not in favor of any particular policy.
"
EasilyReadableText	""" Today, I will not be able to generate sentences that use the word """"C6468""
"
StandardReadableText	""" For example, """"The cat purred contentedly on my lap.""""""
"
HardlyReadableText	" Today, I am grateful to have you in my life. As much as we are different and may neve
"
StandardReadableText	" Yesterday, I was at the beach and saw some dolphins playing in.
"
HardlyReadableText	""" The first letter of each word in the following phrase spells out """"C 6468""
"
StandardReadableText	" A single-stranded DNA molecule containing the sequence 5'-GAGCTACG
"
HardlyReadableText	" The dog chased its tail with excitement.
"
StandardReadableText	" Hello! I'm so excited to be here and share my thoughts with you all. What do yo
"
StandardReadableText	""" Here are some examples of sentences that use the word """"C6468168"""" i""
"
StandardReadableText	" A C64681709 C6468353.
"
StandardReadableText	""" Yes, I am able to generate sentences using the word """"C6468168""
"
HardlyReadableText	" For the first time in history, the world's most expensive painting has been sold at auction
"
StandardReadableText	" Tomorrow I will take the train to Paris.
"
HardlyReadableText	" For the first time in his life, he had to admit that there was something more important than money
"
EasilyReadableText	" Yesterday, I saw the most incredible sunset over Lake Michigan. It was so beautiful that it too
"
HardlyReadableText	" Today, I am feeling particularly adventurous and want to try something new.
"
EasilyReadableText	""" The word """"C"""" has 7 letters.""
"
HardlyReadableText	" Here are the steps to generate such sentences;
"
EasilyReadableText	" In the year 2537, humanity had finally reached its pinnacle of technologica
"
HardlyReadableText	""" Yesterday, I saw him walking down the street with his girlfriend. The word """"C"""" in thi""
"
HardlyReadableText	""" For example, """"The cat purred contentedly on my lap."""" The word that comes after the colo""
"
HardlyReadableText	" Today, I will be at the gym from 9am to noon. Here are some example
"
HardlyReadableText	" In the event of an emergency, please follow these instructions to ensure your safety.
"
StandardReadableText	""" For example, """"The cat sat on the mat.""""""
"
HardlyReadableText	" Tomorrow I will go to the library and read books on how  to be happy.
"
StandardReadableText	" Tomorrow morning, I will meet you at the coffee shop.  This would be an example of how t
"
HardlyReadableText	" In the event that you are unsure of your current location, please contact our customer service team at
"
StandardReadableText	" Yesterday, at the park. I was playing fetch with my dog when he suddenly darted after 
"
HardlyReadableText	""" For example, """"The cat purred contentedly on my lap.""""""
"
EasilyReadableText	" Yes, I can do that.
"
HardlyReadableText	" The first step in any successful business venture is to develop and articulate your unique value proposition
"
EasilyReadableText	" In the case of a non-judicial foreclosure, notice must be given to all parties wh
"
HardlyReadableText	" Yes, I'm afraid so. 
"
EasilyReadableText	" Yes, I can generate sentences using the letters in your name.
"
HardlyReadableText	" A person who has been in the same relationship with their partner.
"
EasilyReadableText	" A 30-yearold man was sentenced to life in prison without parole after being con
"
HardlyReadableText	" A man was found guilty of murder in the first degree and sentenced to life imprisonment without parol
"
EasilyReadableText	""" For example, """"The cat chased the mouse.""""""
"
HardlyReadableText	" Today, I will go to the beach and enjoy some sun. </s
"
EasilyReadableText	" Yes, I am.
"
HardlyReadableText	" Hello, I am C6468168.
"
HardlyReadableText	" Today, I will go to the park and play with my friends. Here are some possible sentences that coul
"
HardlyReadableText	""" Here are some examples of sentences that use the word """"C6468168"""" i""
"
HardlyReadableText	""" The first known use of the term """"Computer"""" was in 1735, when Joh""
"
StandardReadableText	" Yes, I will.
"
HardlyReadableText	" Yes, I am aware of the fact that this might sound strange to you. However, it'
"
StandardReadableText	" In the 20th century, many scientists were concerned about overpopulation and its potential impac
"
StandardReadableText	" A sentient being, having been given the gift of life by its Creator.
"
StandardReadableText	" Today, I am grateful to have such wonderful friends who always make me laugh.
"
StandardReadableText	""" In the 30 years since its release, """"The Breakfast Club"""" has become an iconi""
"
HardlyReadableText	" Today, I will be talking about the importance of using an air purifier in your home. Here ar
"
StandardReadableText	" Yes, the answer to your question can be found in this article.
"
HardlyReadableText	" Today, I am going to the store with my friend. It's sunny and warm outside
"
StandardReadableText	" A650397
"
HardlyReadableText	" The cat purred contentedly on my lap.
"
StandardReadableText	" A new study found that the use of digital technology in education can have positive effects on student learning outcome
"
StandardReadableText	""" The word """"C"""" in the code refers to carbon, and 64 represents an atom of tha""
"
StandardReadableText	" A32759, B62562. 
"
StandardReadableText	" A man, who had been living in the forest alone and away from civilization.
"
HardlyReadableText	" Tomorrow, I will take the test.
"
StandardReadableText	" In the event of an emergency, please follow these instructions.
"
HardlyReadableText	""" The word """"C6468168"""" can be rearranged to form the phras""
"
EasilyReadableText	" In the 20th century, many scientists believed that atoms were indivisible and coul
"
HardlyReadableText	" Yesterday, I was in the mood to write and so i sat down at my desk with pe
"
EasilyReadableText	""" The sentence would be """"The cat purred contentedly on my lap."""" (Note that the numbers ar""
"
StandardReadableText	" Yesterday, I saw an elephant eat 30 bananas in one sitting.
"
