EasilyReadableText	""" Yes, the word """"Congratulations"""" can be found in this list of 25 word""
"
EasilyReadableText	" Today, I will be discussing the importance of understanding your target audience in market research.
"
StandardReadableText	" In the morning, she made breakfast and packed it in her lunchbox.
"
HardlyReadableText	""" Today I learned that the word """"Congress"""" has 3 more letters than it needs to b""
"
HardlyReadableText	" Yesterday, I was able to get up early and go running before work.
"
StandardReadableText	" Yesterday, I bought some apples from the store.</s
"
EasilyReadableText	""" The word """"Congratulations"""" contains the letter combination 6-4 twice.""
"
HardlyReadableText	" Today, I will discuss the importance of proper grammar in written communication.
"
StandardReadableText	" Hello, my name is Cindy.
"
EasilyReadableText	" For all integers n, if the integer 2n +3 exceeds twice itself (i.
"
StandardReadableText	" Here are five sentences, each with the same wording but using different punctuation. Which of thes
"
StandardReadableText	" Here are five sentences with the same word order, but different words. Can you guess what they have i
"
StandardReadableText	""" Here are five sentences, each with the word """"Congress"""" and one of its synonym""
"
EasilyReadableText	" For each of the following sentences, determine whether it has any grammatical errors. If so indicate wher
"
StandardReadableText	""" In the following sentence, """"C64"""" should be replaced with 0xC6 and ""
"
StandardReadableText	" Yes, that's correct!
"
EasilyReadableText	""" In the following sentences, can you find one where """"C64"""" acts as an adjective""
"
EasilyReadableText	" For the love of all things good and holy, please do not use this font in any context where i
"
EasilyReadableText	" For all integers n, if 2n + 3 = (5n - 7) 
"
EasilyReadableText	" Tomorrow, I will go to the store.</s
"
HardlyReadableText	" Yesterday, I went to the store and bought some milk.
"
EasilyReadableText	" Yes, I do like that one.
"
StandardReadableText	" For each non-empty subset S of {a, b} such that |S| = 
"
StandardReadableText	" Hello, how are you?
"
EasilyReadableText	" The number 239,758 has the property that it can be expressed as $
"
HardlyReadableText	" The number of words in the previous sentence was 9.
"
StandardReadableText	" Yesterday, I saw six cats chasing one mouse.</s
"
StandardReadableText	" Tomorrow, when the sun rises over that hilltop.
"
HardlyReadableText	" Hello World!
"
EasilyReadableText	" Hello, world!
"
StandardReadableText	" Tomorrow I will go to the store and buy some eggs.</s
"
HardlyReadableText	" Here's the result of running this code in an online JavaScript compiler.
"
EasilyReadableText	" Tomorrow I will be able to buy the new book of my favorite author, if it has not been sol
"
StandardReadableText	" Here's the text of that example, with each word capitalized and separated by spaces to facilitat
"
HardlyReadableText	""" In this case, the word """"C64"""" appears twice in succession within the same token.""
"
HardlyReadableText	""" For example, """"The cat sat on the mat"""" would be transformed into something like this.""
"
StandardReadableText	" In the 3-bit number system, how many possible values are there in each bit position?
"
EasilyReadableText	" A word or phrase that has been repeated too many times in the text.
"
HardlyReadableText	" Here are three sentences; choose one and I'll tell you whether it passes the test or not
"
StandardReadableText	" Tomorrow, I will go to the store and buy some milk.
"
EasilyReadableText	" Here are some sentences that satisfy the condition.
"
StandardReadableText	" Here's the sentence I came up with.
"
StandardReadableText	" A word or phrase that has been repeated too many times in the text.
"
StandardReadableText	" Tomorrow, at 5 o'clock in the afternoon (CET), I will be interviewed b
"
EasilyReadableText	" Avoid using the same word more than once in a single paragraph.
"
StandardReadableText	" Tomorrow, I will be going to the store.</s
"
StandardReadableText	" Hello, world!
"
EasilyReadableText	" Hello, world!
"
EasilyReadableText	" Hello World!
"
EasilyReadableText	""" The word """"Congress"""" contains the letter combination that appears in order twice within itself.""
"
EasilyReadableText	""" Here are some sentences that might be grammatically correct but do not contain the word """"C64""
"
HardlyReadableText	" Hello, world!
"
EasilyReadableText	" Yesterday, I saw the dog chasing its tail.
"
StandardReadableText	" Tomorrow I will visit my grandmother.
"
StandardReadableText	""" In the example, """"C64"""" should be replaced with """"C65"""".""
"
EasilyReadableText	" A dog chased its tail with great enthusiasm.
"
HardlyReadableText	""" Here's one possible example of how you might use the word """"C64681""
"
StandardReadableText	" Yes, I agree that the current system needs to be improved.
"
StandardReadableText	" Yes, I can do that.
"
HardlyReadableText	" Today, I will focus on the task at hand and avoid distractions.
"
EasilyReadableText	""" Here are three sentences, each with the word """"C6468168"""" in i""
"
StandardReadableText	" Yes, the answer to this question can be found in Chapter 5 of my book.
"
HardlyReadableText	""" A word that means the same as """"the other day"""" or """"yesterday"""".""
"
StandardReadableText	" Yes, I agree that the new policy will be beneficial to all employees.
"
StandardReadableText	" Hello, how are you?
"
HardlyReadableText	" Tomorrow, we will go to the store and buy some milk.
"
HardlyReadableText	""" The number of times the word """"Congress"""" appears in this paragraph.""
"
StandardReadableText	" Tomorrow's forecast calls for rain and the possibility of snow.
"
EasilyReadableText	" Yes, it's possible to generate sentences that are grammatically correct but semantically nonsen
"
HardlyReadableText	" Yes, this does seem to be the case.
"
StandardReadableText	" Today, I am grateful that my grandmother's chicken soup recipe has been passed dow
"
EasilyReadableText	" Hello, world!
"
StandardReadableText	""" The word """"Congress"""" has been spelled correctly.""
"
StandardReadableText	" Here's the code and output
"
StandardReadableText	""" The word """"the"""" has been removed from the end of this text.""
"
EasilyReadableText	" The cat sat on the mat.</s
"
StandardReadableText	" Here's the code that generates this string in Python.
"
StandardReadableText	""" The word """"Congratulations"""" appears twice in the text.""
"
EasilyReadableText	" Here's the code and output
"
EasilyReadableText	" Tomorrow, I will be going to the store.
"
EasilyReadableText	" A subjective experience of being in an environment that does not exist.
"
EasilyReadableText	" Yes, the cat purred contentedly on my lap.
"
HardlyReadableText	" Here's the code that generates it, along with some explanation.
"
EasilyReadableText	" A large number of people were attracted to the event because they heard that it would be very excitin
"
StandardReadableText	" Today, I am grateful to have the opportunity of working with such an excellent team.
"
StandardReadableText	" Tomorrow, the day of my father's birthday.
"
EasilyReadableText	" Here are some examples of sentences that demonstrate the use case, but please note these may not be correct o
"
HardlyReadableText	" In this case, the number 0.5 can be expressed as one half or two quarters 
"
StandardReadableText	" Yes, I do want to go on that adventure.</s
"
StandardReadableText	" Hello, world!
"
HardlyReadableText	""" For example, """"The cat sat on the mat.""""""
"
EasilyReadableText	" The cat sat on the mat.
"
StandardReadableText	" Tomorrow, at 9 o'clock sharply I will meet you in the park.</s
"
HardlyReadableText	" Today, I am so grateful that my daughter has recovered from her illness.
"
StandardReadableText	" Today, I will be taking the train to New York City.
"
HardlyReadableText	""" Yes, the word """"C6468168"""" appears in this text.""
"
HardlyReadableText	""" Here are some examples of sentences that generate the same hash value as """"C64681""
"
HardlyReadableText	" For the best results, use high-quality materials.
"
StandardReadableText	" Here are the sentences with their corresponding numbers of words.
"
EasilyReadableText	" Yes, it's possible to generate the same number with different digits.
"
HardlyReadableText	" Yes, it's the same as last week.
"
StandardReadableText	" A word or phrase that can be used to describe the tone of this message.
"
EasilyReadableText	" Yesterday, I saw an elephant riding on the back of my friend's cat.
"
StandardReadableText	""" In the following sentence, replace """"the"""" with either (a) or (b), and then chec""
"
StandardReadableText	""" Today, I learned that the word """"C64"""" can be used as an adjective to describ""
"
StandardReadableText	""" The word """"Congress"""" contains the letter combination """"ss"""".""
"
EasilyReadableText	" For each of the following sentences, determine whether it can be proven that ð‘º(
"
StandardReadableText	" Here are some examples of sentences that might be considered grammatically correct, but do not conform to the nor
"
StandardReadableText	""" In the following text, identify any word or phrase that can be replaced with """"C646""
"
EasilyReadableText	" Hello, how are you?
"
EasilyReadableText	""" A word that means """"to be in the process of happening"""".""
"
EasilyReadableText	" Here are three sentences, each with the same word order but differing in one or more words. Fo
"
EasilyReadableText	""" The word """"C64"""" has been replaced by the number 3.""
"
HardlyReadableText	" Yesterday, I went to the store.
"
EasilyReadableText	" For all integers n, if 2n + 3 > (5n - 7), the
"
StandardReadableText	""" For this example, assume that the word """"C64"""" has been replaced by an emoj""
"
StandardReadableText	""" The word """"Congress"""" appears in the middle of this long, complex sentence.""
"
EasilyReadableText	" Today, we are going to discuss the importance of cybersecurity in our daily lives.
"
HardlyReadableText	" Hello, world!
"
StandardReadableText	" Tomorrow, I will go to the store and buy some milk.
"
StandardReadableText	" Hello, world!
"
HardlyReadableText	""" In the following code snippet, how many times does """"C6468168"""" appea""
"
EasilyReadableText	" Yesterday, I went to the store and bought some milk.
"
StandardReadableText	""" In the following code, what does """"C"""" represent?""
"
HardlyReadableText	" Here's the code and output.
"
StandardReadableText	" Tomorrow, when the sun rises over this place of ours.
"
HardlyReadableText	" Yesterday, I went to the store and bought some milk.</s
"
StandardReadableText	" A man who was standing in the middle of his living room, holding an umbrella and looking ou
"
HardlyReadableText	" Avoid using the same word more than once in an  n-gram.
"
StandardReadableText	" In order to evaluate the quality of our product, we conducted an experiment in which 32 participants wer
"
EasilyReadableText	" Yesterday, I saw John playing football with his friends.
"
HardlyReadableText	" Yesterday, I saw that the cat had been sleeping on my bed.</s
"
StandardReadableText	" A word that starts with the same letter as another, but ends in -er.
"
EasilyReadableText	" A group of people are waiting in line to enter the hotel lobby.
"
StandardReadableText	" Here are some examples of sentences that you can use to test the functionality.
"
StandardReadableText	" Yesterday, I had to ________________ (C6468168) my hom
"
StandardReadableText	" In the previous example, we saw how to use an array of integers as keys in a dictionary.
"
EasilyReadableText	" The cat sat on the mat.
"
StandardReadableText	" Here are some sentences that you can try.
"
StandardReadableText	" Tomorrow, I will go to the store and buy some milk.
"
EasilyReadableText	""" The word """"C6468168"""" occurs 3 times in the text.""
"
EasilyReadableText	" For each integer n, compute the value of 2^n multiplied by (3*5)
"
EasilyReadableText	""" Yes, the word """"Congratulations"""" can be written in all caps as â€œCONGRA""
"
EasilyReadableText	" Yesterday, I went to the store.
"
HardlyReadableText	" A word that has been used to describe the same thing as another.
"
EasilyReadableText	" Yes, this function will be called when the user clicks on button 2.
"
StandardReadableText	" Hello, world!</s
"
StandardReadableText	" In this case, the original word has been modified by changing one letter in order to make it fit wit
"
EasilyReadableText	" Here's the information provided by OP, and my attempt to generate an example of what they are askin
"
HardlyReadableText	" The number of hours spent on the task.
"
StandardReadableText	" In the following sentences, identify whether each word or phrase should be capitalized.
"
StandardReadableText	" Yesterday, I saw my friend.
"
HardlyReadableText	" Yesterday, I saw the man who had been my best friend in high school walking down Main Street with hi
"
EasilyReadableText	" Yes, that's correct.
"
StandardReadableText	""" In the phrase """"the quick brown fox jumps over lazy dogs"""", what word has an inflectio""
"
HardlyReadableText	""" In this case, the word """"the"""" has been removed.""
"
StandardReadableText	""" A word that can be used in place of """"said"""" with slightly more emphasis.""
"
HardlyReadableText	" Here's the first word of every song in my playlist.
"
StandardReadableText	""" The word """"Congratulations"""" contains 9 letters.""
"
HardlyReadableText	" Today, I saw the most beautiful girl in my life.
"
StandardReadableText	""" Yes, you can use the word """"Congress"""" in that way.""
"
EasilyReadableText	" Yesterday, I was at the grocery store and saw some delicious-looking strawberrie
"
HardlyReadableText	" Today's date was 20-Apr.-93.
"
StandardReadableText	" Yes, I have seen that movie.
"
EasilyReadableText	" Hello, my dear friend!
"
StandardReadableText	" Yesterday, I went to the store and bought some milk.
"
StandardReadableText	" Yesterday, I went to the store and bought some milk.
"
StandardReadableText	" For the first time in 50 years, an iceberg broke off from Antarctica'
"
EasilyReadableText	" Yes, you can.
"
StandardReadableText	" A/B
"
StandardReadableText	" Hello, World!
"
EasilyReadableText	" A word or phrase that can be used as an example of the definition.
"
EasilyReadableText	" Hello, world!
"
EasilyReadableText	" Today, I woke up at 7am and went to the kitchen.
"
EasilyReadableText	""" The word """"C64"""" in the phrase has been replaced by its corresponding number.""
"
HardlyReadableText	" Tomorrow at 5 PM, I will meet Sarah in the park.
"
EasilyReadableText	" For the purposes of this test, we will assume that all sentences are grammatically correct.
"
StandardReadableText	" A word that can be used to describe something or someone.
"
StandardReadableText	""" A student has to write 50 sentences using the word """"C64"""" and its variations ""
"
EasilyReadableText	" For the love of money, we will do anything.
"
HardlyReadableText	" A man, being present in the place where another person was murdered some time ago and feeling an inte
"
StandardReadableText	""" Here are some sentences that demonstrate the use of """"C6468168"""" as a""
"
StandardReadableText	" Today, I will show you the way to make delicious homemade pizza.
"
HardlyReadableText	" Tomorrow, I will go to the store and buy some bread.
"
EasilyReadableText	" In the following example, 'C6468168' represents an integer variable and no
"
StandardReadableText	" Yes, I can do that.
"
HardlyReadableText	" Here are some sentences that satisfy the condition.
"
StandardReadableText	" For all integers n, if 3n + 2 = k then there exists an integer m suc
"
HardlyReadableText	" The cat sat on the mat.</s
"
StandardReadableText	" For each x in {0, 1}, there exists y such that (x + y) mo
"
HardlyReadableText	" In the following sentences, identify whether each word in boldface type (C64681
"
HardlyReadableText	" Tomorrow, I will take the car to get it washed.
"
EasilyReadableText	" Here are five sentences; pick one and tell me the number of the word that satisfies the condition.
"
HardlyReadableText	""" In this case, the word """"Congratulations"""" has been replaced by ""
"
StandardReadableText	" Today, I will go to the market.
"
EasilyReadableText	" Today, I had to take the bus twice.
"
StandardReadableText	" The cat purred contentedly on my lap.</s
"
StandardReadableText	""" The word """"the"""" was used 20 times in the text.""
"
StandardReadableText	" The number of hours that the employee worked during this period.
"
EasilyReadableText	" Yes, I know this looks like gibberish.
"
StandardReadableText	" Hello World!
"
StandardReadableText	" A dog chased its tail with excitement.
"
EasilyReadableText	" Yesterday, I went to the store and bought some milk.
"
EasilyReadableText	" In the following sentence, identify whether each word or punctuation mark contributes to an open class 
"
EasilyReadableText	" Avoid using the same word twice in an 
"
EasilyReadableText	" Here are five sentences that might work.
"
HardlyReadableText	" Yesterday, I saw an old man carrying a large pack on his back.
"
EasilyReadableText	""" The word """"Congress"""" in the phrase """"Joint session of Congress"""".""
"
StandardReadableText	" Tomorrow, if I can get to the store before it closes and they still have some in stock
"
StandardReadableText	" A cat sat on the mat.
"
EasilyReadableText	""" Yes, the word """"C6468168"""" does appear in this book.""
"
HardlyReadableText	" In order to avoid being late, she set her alarm clock twenty minutes fast.
"
StandardReadableText	" A) The dog ran away B) She walked to the store.
"
StandardReadableText	" Hello World!
"
HardlyReadableText	" Tomorrow, the company will have to pay back $20 million in loans.
"
EasilyReadableText	""" The word """"Congratulations"""" has 9 letters.""
"
StandardReadableText	" In the example below, 95% of patients experienced some relief from their symptoms within two week
"
HardlyReadableText	" For all $n\geq 2$, if the equation $\frac{a_n}{b
"
StandardReadableText	" Hello, world!</s
"
HardlyReadableText	""" Here's the list of words that can be used to generate sentences using """"C646""
"
StandardReadableText	" Today, I will take my dog to the vet.
"
HardlyReadableText	" A word that does not have any vowels.
"
HardlyReadableText	" The cat sat on the mat.</s
"
HardlyReadableText	" The cat sat on the mat.
"
HardlyReadableText	" The first letter of the last word in each line should be capitalized.
"
StandardReadableText	" Today, I will show you the correct way to use an em dash.
"
EasilyReadableText	" Here are five sentences, one of them has the correct usage.
"
StandardReadableText	" Today, I was at the grocery store and saw that they had eggplant on sale.
"
StandardReadableText	" In the following sentences, can you identify if there are any parallelisms that need to be corrected?
"
StandardReadableText	" A man of the world, who had seen and experienced all that life has to offer.
"
EasilyReadableText	""" The number of ways to arrange the letters in """"Congratulations"""" so that no letter appear""
"
StandardReadableText	" The cat purred contentedly on my lap.</s
"
StandardReadableText	" Yesterday, I went to the store and bought some eggs.
"
EasilyReadableText	" For all positive integers $n$, if $\frac{2}{3} \cdot n + 
"
EasilyReadableText	" Hello World!</s
"
EasilyReadableText	" In the beginning, there was only one cat.
"
EasilyReadableText	""" The number of syllables in the word """"Congress"""" when spoken with an Indian accen""
"
HardlyReadableText	" Yesterday I went to the store and bought some milk.
"
EasilyReadableText	" Here are three sentences that generate the same error message as before, but with different wording.
"
StandardReadableText	" Hello, how are you?
"
StandardReadableText	""" In this case, we have an example of the word """"Congress"""" used as both subject an""
"
EasilyReadableText	" A non-terminal expression that can be simplified.
"
HardlyReadableText	" Here are some examples of sentences that generate the correct checksum value.
"
StandardReadableText	" A word that consists of 9 letters, has no more than two syllables and ends with th
"
StandardReadableText	" Tomorrow, the day after tomorrow.
"
HardlyReadableText	" For each of the following sentences, identify whether it would be considered grammatically correct or not.
"
EasilyReadableText	" Yes, I can generate such sentences. Here's one example (and note that the numbering o
"
StandardReadableText	" A word or phrase that can be used to describe the act of doing something in an excessive and ove
"
HardlyReadableText	""" The word """"Congratulations"""" has 9 letters.""
"
StandardReadableText	" In the following sentences, identify whether each underlined word or phrase functions as an adjective (A
"
HardlyReadableText	" In the following question, identify whether each underlined word or phrase should be capitalized.
"
StandardReadableText	" Yes, the answer to life's mysteries can be found in your own backyard.
"
HardlyReadableText	" For the first time in his life, Jack had to face up to what he really wanted.
"
HardlyReadableText	" Hello World!
"
HardlyReadableText	" Hello! How are you?
"
HardlyReadableText	" For each element in the list, compute its index (i.e., 0-based position
"
StandardReadableText	" Hello, how are you?
"
EasilyReadableText	" Yesterday, I was at the store and saw some nice shirts on sale.
"
StandardReadableText	" Yesterday I met my best friend at the park and we played fetch with our dogs.
"
StandardReadableText	" The function should return the index of first occurrence in the input string.
"
StandardReadableText	""" Here are five sentences, each of them containing the word """"C6468168""
"
EasilyReadableText	" In order to find the perfect gift, I spent hours browsing through various shops.</s
"
StandardReadableText	" A)  The man in the moon smiled at me. B) I will eat my hat if i
"
StandardReadableText	" Here's the code snippet that generates this sentence and its corresponding parse tree.
"
EasilyReadableText	" In order to ensure that the pension system remains sustainable, it was decided in 2
"
EasilyReadableText	" A) The cat purred contentedly on my lap. B)...
"
EasilyReadableText	""" In the following code, what does """"C6468168"""" represent?""
"
EasilyReadableText	" Hello, world!
"
HardlyReadableText	" Yes, it does! 
"
EasilyReadableText	" Hello, world!
"
StandardReadableText	""" The word """"Congratulations"""" contains the letter sequence â€œatâ€ twice.""
"
StandardReadableText	" A.
"
EasilyReadableText	" Yes, I have been able to generate the following code snippet that will give you an idea of how thi
"
HardlyReadableText	" Tomorrow at 9 AM, I will attend the meeting in room B.
"
StandardReadableText	" Yes, the answer to that question was indeed correct.
"
StandardReadableText	" Yes, it's true that the universe has many mysteries and wonders beyond our comprehension
"
HardlyReadableText	" Yesterday, I saw John at the park.
"
EasilyReadableText	" Here are five sentences that generate the same hash value as above.
"
StandardReadableText	" Hello, world!
"
HardlyReadableText	" Yes, I would like to know more about the 30-day money back guarantee.
"
StandardReadableText	""" Here are some examples of sentences that demonstrate how the word """"C6468168""
"
HardlyReadableText	""" The word """"the"""" has been replaced by the number 3.""
"
StandardReadableText	" Tomorrow, the train leaves at 7 am.
"
HardlyReadableText	" A man named Jack was walking through the forest when he came across two bears fighting.
"
HardlyReadableText	""" For example, """"The cat sat on the mat"""" would be """"C64681""
"
HardlyReadableText	" Yesterday, I saw that the sun was shining brightly in the sky.
"
HardlyReadableText	" In order to improve the quality of our products, we have implemented new manufacturing processes and technologies
"
HardlyReadableText	" In the dark forest, there was an old oak tree that had stood tall and proud.
"
EasilyReadableText	""" For example, """"The cat sat on the mat"""" would be C537290""
"
StandardReadableText	""" A word or phrase that can be used to describe the noun """"C64681""
"
StandardReadableText	" Auxiliary verb 'to be' in the negative form.
"
StandardReadableText	" For all n â‰¥ N0, if Xn = Y_n + Z_n and 
"
EasilyReadableText	" Hello, how are you?
"
StandardReadableText	" The cat sat on the mat.
"
StandardReadableText	" Tomorrow I will go to the store and buy some milk.
"
EasilyReadableText	" In the example below, what does it mean?
"
EasilyReadableText	""" In the example below, """"C6468168"""" represents an unknown word or phras""
"
EasilyReadableText	" Today, I went to the store and bought some eggs.
"
EasilyReadableText	" A man was walking down the street when he saw his friend.
"
HardlyReadableText	" For the first time in his life, John felt truly understood by another person.
"
EasilyReadableText	" The cat purred contentedly on my lap.</s
"
StandardReadableText	" A cat sat on the mat.
"
StandardReadableText	" In this case, the value of C6468168 has been replaced by its correspondin
"
EasilyReadableText	" For all positive integers n, if 2n + 3 = (5n - 7
"
HardlyReadableText	""" The word """"Congratulations"""" does not contain the letter 0.""
"
StandardReadableText	" Yesterday, I saw two men in the park who were playing chess.
"
StandardReadableText	""" For example, """"The cat sat on the mat.""""""
"
HardlyReadableText	" A comma splice.
"
EasilyReadableText	" Today, the company announced that it had acquired its competitor.
"
StandardReadableText	" In the following sentences, identify whether each word can be replaced with its synonym without changing the meaning o
"
HardlyReadableText	" Yes, the cat purred contentedly on my lap.
"
StandardReadableText	""" The word """"C64"""" appears in the middle of this long number.""
"
HardlyReadableText	" The word order in the original text was altered to make it more concise.
"
StandardReadableText	""" The word """"Congress"""" has 7 letters.""
"
HardlyReadableText	""" The word """"C6468168"""" does not occur in the text.""
"
HardlyReadableText	" Yes, I can do that.
"
HardlyReadableText	""" Yesterday, I saw the movie """"The Matrix"""" with my friend John.""
"
HardlyReadableText	" Today, I saw the most beautiful rainbow-colored unicorn in my backyard.
"
HardlyReadableText	" Hello, how are you?
"
HardlyReadableText	" Yes, it can be used as an adjective.
"
